Protein,P value,Factor,Has protein,No protein,Translation,Host
Protein 2365,0.0009235307717833127,AQI,"[6, 5, 12, 21]","[406, 348, 378, 344]",MTDCVFCPDNWDNLDIVKTIGLSVHEPAPFDWYDIAIVNPLKPVTEGHVLVIAGRHSDNVANDALLARELMYIAARYVSDQDIQANIITSIGPAATQTVMHTHVHIVPRTEGDKLLLPWTLQQLREKREAEIEQVLNGPLREAMAAQDAGPHTVTAKDGRTAPCGGPGACYVCDKEA,Mycobacterium smegmatis mc¬≤155
Protein 282,0.0005109907916933317,pH,"[51, 24, 57, 37]","[305, 332, 298, 319]",MHRASSVELYGGPLDGERRVVPDTQHELTVWTPICPLPGEKPGLYRSQPHKYVRQRDEPWLFSYVLDQAASR,Mycobacterium smegmatis mc¬≤155
Protein 318,0.0004946082045975785,pH,"[43, 19, 52, 35]","[313, 337, 303, 321]",MKLCAACQAASDKWLDYRITPSIKIASGAARDDTVEGVRDARAARFQEWRDTINRQQALIRKQCVSAGHVTIVDVELPGLDNTDIGG,Mycobacterium smegmatis mc¬≤155
Protein 1459,0.0005109918055530839,pH,"[18, 5, 23, 7]","[338, 351, 332, 349]",MTDIYVVIDGSRVVGASTKLQGAELMRANYARAAREFWLAHGTRPEEQADTAERQTYDRTRIENTELTDDG,Mycobacterium smegmatis mc¬≤155
Protein 5235,0.0008374373919057595,pH,"[44, 18, 48, 34]","[312, 338, 307, 322]",MAAPHNSPFRDRFGRYCGPLKIKTAAVLDPAPYDDLDHCIGCHRHAVDGHEHGCPYRGAWD,Mycobacterium smegmatis mc¬≤155
Protein 1490,0.00018173840259567032,Albedo,"[15, 49, 40, 32]","[365, 332, 345, 341]",MSTITMIFKTGEYQQRVPVEDDAPIYVTVAGQTWQRDVKSTDATLLDGMFDAQSDYGQISWTKLTRTTAWGSSYDNTHGTHNRVLVIDRDNATAEDVLEGMLWLSSVKAEGV,Mycobacterium smegmatis mc¬≤155
Protein 242,1.2199958708504658e-05,GHI,"[40, 58, 64, 24]","[348, 319, 310, 356]",MIETTATSVTEFDGTFETVITWRFDGLWDVAVAHMGTWLCHAQIAASFEDARFLAGYICGQHMRAEGMVAA,Mycobacterium smegmatis mc¬≤155
Protein 245,8.168665205255776e-05,GHI,"[36, 45, 54, 18]","[352, 332, 320, 362]",MPVVLGIDTSLRATGMCLVSLPPSVELGSWHGQCVTVGAPAATPDKSKRAMARRVKALVDQIRWVFDDDRPDLVVMETLAFAAKGEGVWVLPWIFGKVIELCEEFDVELLCAGTSQVKKYATGKGNADKDTVMLTVAKRWPELAPANNNEADSACLAAIGCHYLGQPLGEPTVYQTEVLDKIGP,Mycobacterium smegmatis mc¬≤155
Protein 247,1.2199958708504658e-05,GHI,"[40, 58, 64, 24]","[348, 319, 310, 356]",MAATSLRVVRRPKGSAPAARRRSLTAASQLITDPQKQMKTSLMGTARNEWQSEAWDFSESIGELSYYVSWRANSCSRTTLIPSAIDPDTGLPTGEVDIEEDPDAQTVADYVKGIADGPLGQAALIKRAVECMTVVGEVWIAVLIRQEKDPVTGLAAPRARWYAVTREEIKSKAGETAEISLPDGKTHEFNRDLDSLVRIWNPRPRKASQATSPVRACLETLREIERTTRKIKNAAKSRVMNNGVLFVPAEMSLPAAQAPIPAGQAQIPGAPVPEVSGVPASEQLATMIYQASVAAMEDENSQAAYIPLVASVAAEHLEKVQHIKFGNEVTEVEIKTRIDAITRLAMGLDVSPERLLGMSKGNHWSAWAIGDEDVQLHIKPVMDLICQAIYNDILTPLLAREGIDPTKYILWYDASGLTSDPDLSDEAVEAHDRGAITSAALRRLLNVGEDSGYDLTTLDGCREFAADVVTKNPELIAMYAPLLSSQLAGIEFPQPANAIESTREDEEDDEDSGARQQREPQTEDERSTEEAASLNDRAAYLVAERLLVNRALDLAGKRRFKVNDAALKTKLRDVPAHEYHRVLPPVRSSEIPRLIAGWDTALEDEVVASLGLDNEKLRNAVLATVRRQLTQPLIEGEVV,Mycobacterium smegmatis mc¬≤155
Protein 250,3.4546785921235214e-05,GHI,"[39, 46, 61, 21]","[349, 331, 313, 359]",MAADAMREVTLARGGTVRRIRKSDPTDDYAVAKREAELAAAATTA,Mycobacterium smegmatis mc¬≤155
Protein 254,1.2199958708504658e-05,GHI,"[40, 58, 64, 24]","[348, 319, 310, 356]",MTGNDLSPRARLQALIPAKARETWYRVASAAVMFLLAFGILDANEAALWAQFAVGLVTLVFALIYAYTPARVALYAFVGVVGSVLLYYGITTEETWALITAAVAQAFGIATAAAKTTPVVVARGQTSLN,Mycobacterium smegmatis mc¬≤155
Protein 257,1.2199958708504658e-05,GHI,"[40, 58, 64, 24]","[348, 319, 310, 356]",MPGIQPVKGRRLRATKINSCGMPIAGPRNRLVTSGYVSLTLTPVMRDATDLTQDNAEGKECFADRTAPERRWWTPALELCNVNTGLLTMFTGWETLVDANDLPVGFRDQKEIESDFGVALELWSAGKMEEDCDEIPTSDDVLTDTSSGRSYGYFLFGGTEWTPGDITISGAVTTFTLTGRTIAMPAWGLGPYNVQEAANGTARRLLTPTSKKEHLTVFRTRIAPPEPTPGTEPVPLATSTLFTDPNFYYGGPDDEPAAVVAPAQSA,Mycobacterium smegmatis mc¬≤155
Protein 258,1.2199958708504658e-05,GHI,"[40, 58, 64, 24]","[348, 319, 310, 356]",MTISRYAEADLAAAARRGVPGDQIRVARALLEVRAADTVAAAVAGAAKIDLSPYQIRSLYPAGGLTYDYVRARLDG,Mycobacterium smegmatis mc¬≤155
Protein 264,1.1986510899548914e-05,GHI,"[39, 57, 64, 24]","[349, 320, 310, 356]",MATIRARARIEIDEAALERESGEHLRAFHRSLTRRIANQSRVAVPVRTGNLGRTIGELPQVYTPFRVRGGVEATADYAAPVHEGSRPHAIRARNAQYLHFWWHGREMFRKSVWHPGTRARPFMRNSAQRVVTNDPRVRMT,Mycobacterium smegmatis mc¬≤155
Protein 268,1.2199958708504658e-05,GHI,"[40, 58, 64, 24]","[348, 319, 310, 356]",MAFRGYFALNGVEIANSSRVAAHIGAEVPTRDIGLMTADVDCSLTPIDDDRLLAELPATSVPIGAGRLLATPPDGSRLYGPGLAVVGDCWTPNTLCFGCRTAIEYDDSWTGLPAFLNDHVYRPELAPWFTTRVPESAEFAGVWVMDVKGLDVTTSQREVVEMAGDGGAAGIHRDGAQRIQFDVLLVACTNAGATYGLDWLTTQLRRTNDRTDSVLRYLAAHPEDSAVDPTTLVRDRHGVVLTAGPEITGQVNASGRQHNQATFYRVTFELTALIPHAYRPATVLPVEWDTVEVEPIQWVHSSECKPPADCSPMPVLFAQGCEVERVEAVSSPPPVCGGCMPVCAVATHAVQIPLTERPQTGTATMVSLAIRNTDARPLTLNGYFRRCNARDDCDDELFPVQIHGLPATAEVVLDGVTGRFWVYYAGRKWRPVHIVGTPSGAPWVPAKLDRTLCWEFVVVSDGTALFEVDLALTDRDE,Mycobacterium smegmatis mc¬≤155
Protein 276,1.5151548051349003e-05,GHI,"[40, 57, 64, 24]","[348, 320, 310, 356]",MSLKLCTGEYMLSTVAGLGPSRGWFPRVLTEQMLESTKDGEIKLSPDPVTMIDGDLTWFNNSDDRVRVFVLVHTAPRDIIAQNPSTVVIHDAWSHRVGRAPSADFPSAIRNSFGGRLQLDRASVARDAVKFGRFFLTGDDQQAWVDLGIVRPQQSFHFRYRAAVQTPGTWVTPSELEPRWEAYARWTRLVALGGPVGES,Mycobacterium smegmatis mc¬≤155
Protein 281,1.2199958708504658e-05,GHI,"[40, 58, 64, 24]","[348, 319, 310, 356]",MATIRRGAAAPYKAIYHGTTPIKQVRRGETLLWSQGKIRDDFTDILDRWLNELLSGDLGALCSDVTGVLRDGLGNIVGHTVAFVEDNINGLGKLVAQTGQDLATAYCGVWGGTAAPNGLIGLINGIPIFGGILADWLKGELDIVSIIGSIPIIGDIGRLIGLIPDALGNLADPINYVVDAFGEVIGTITCGQFRPHGGDNEGICYTIGVLGDIAKMLIPDGLLTLNRHTSRLRHETLLDGDDGYLEVQVADLGAPDYPTQVFRRYANNGSGATGVGMQFMNSQVSLVRRVGGNNTLVLPQVASYSPGDVLRLEQFGDIHSITRNGETVGVWEDNSATAAKGVNNRSVAMIMQGAKELNTSRKVSPGLAYLEAA,Mycobacterium smegmatis mc¬≤155
Protein 282,2.5137264276201086e-06,GHI,"[38, 58, 62, 21]","[350, 319, 312, 359]",MHRASSVELYGGPLDGERRVVPDTQHELTVWTPICPLPGEKPGLYRSQPHKYVRQRDEPWLFSYVLDQAASR,Mycobacterium smegmatis mc¬≤155
Protein 283,4.5308405980922905e-05,GHI,"[40, 57, 61, 24]","[348, 320, 313, 356]",MTVQRTPHGGHHDKVTTAGAVGLFMLFISYLPDNPHPMSTALVGAVCIGIAVRLRYLGQLDRTAYRPPQPPAQHYPVGARRERITHERRTRERIWFD,Mycobacterium smegmatis mc¬≤155
Protein 284,1.2199958708504658e-05,GHI,"[40, 58, 64, 24]","[348, 319, 310, 356]",MTDQTHEAPPVPRYLSRDEVAKRLGMKSVRSLSGIELPPPDVEVGKHKGWLPETIDAWHATRPGRGWWGGR,Mycobacterium smegmatis mc¬≤155
Protein 290,1.2199958708504658e-05,GHI,"[40, 58, 64, 24]","[348, 319, 310, 356]",MAGSPFSGKGGAATAAAPAPSKGKVDPADLPDVTNVGEDKPVGSDPYAAADPTGVSGYKPAFFLGQLVLMHPTEYGTMATVHDKDGKESEFVRFDIIPLTVPEPGTPNAQTAVRLDNGNFGFLNRDGEVEECEPYEVGERLDDIMVFNKALAREGKKALDRGIAWVLGRIVKGVKKPNQSAPFILVAGSEDDKALYQQWRQSLAKA,Mycobacterium smegmatis mc¬≤155
Protein 318,3.2830967078795035e-06,GHI,"[26, 47, 59, 22]","[362, 330, 315, 358]",MKLCAACQAASDKWLDYRITPSIKIASGAARDDTVEGVRDARAARFQEWRDTINRQQALIRKQCVSAGHVTIVDVELPGLDNTDIGG,Mycobacterium smegmatis mc¬≤155
Protein 319,2.9303292989894123e-09,GHI,"[21, 41, 53, 9]","[367, 336, 321, 371]",MWPDLADVGTVALVGSVAGALYPLTRVLLAHIDRRRARDNRHPEDEADLRGER,Mycobacterium smegmatis mc¬≤155
Protein 322,4.932322911737752e-05,GHI,"[30, 53, 51, 21]","[358, 324, 323, 359]",MSSTNGRCNSAERGSSYARRARKLWLLSPEAAWGGDGETVPCWECGVLCEFEDLIADRIVPGEDGGRYTRDNIAPHCLLCSCRQGQRRTAAILAAKRRAA,Mycobacterium smegmatis mc¬≤155
Protein 324,3.903820611435696e-05,GHI,"[32, 46, 52, 17]","[356, 331, 322, 363]",MSCFAVGHRVIVRPENGYDDPVSAEFGPMAGHYGKVVEIDPAPHDSATLITVEIVGRVDGPVSPAICVDRVDPQWVFYPHELDHID,Mycobacterium smegmatis mc¬≤155
Protein 325,2.349315339075396e-05,GHI,"[34, 49, 56, 19]","[354, 328, 318, 361]",MTAPEKARKDRLRPVPRAGLKQIRNGEARYCPSCQTLRRQTDMRITKGGVPICIGCRDNSPRVIG,Mycobacterium smegmatis mc¬≤155
Protein 332,1.8513214741980375e-08,GHI,"[30, 52, 58, 13]","[358, 325, 316, 367]",MGTKAVVQSRVINVNQTITSPTGVAKASKARETLATAREILYASGNMRAADAITPALHDLTRQIADYYRRRAEADKRAAQR,Mycobacterium smegmatis mc¬≤155
Protein 335,1.2199958708504658e-05,GHI,"[40, 58, 64, 24]","[348, 319, 310, 356]",MSLSYDPSTAYVVLGLALLACFALHFSPRGSLREAVFATLTLSLTITGIIGAAFGAVTL,Mycobacterium smegmatis mc¬≤155
Protein 336,1.5545753839050242e-07,GHI,"[28, 39, 57, 13]","[360, 338, 317, 367]",MFDPADIVEPLTCYDCNGYITDHEDGCKTGLGITSDHENVLHDPEVELYAVVSAMVDFEIERNGAYWAARRAAREARA,Mycobacterium smegmatis mc¬≤155
Protein 1424,1.8688814834506235e-06,GHI,"[40, 58, 64, 21]","[348, 319, 310, 359]",MADQGFYFEVDGQRFDQRVEAMAHCDLYGYHYSAIQWVDPNAPWA,Mycobacterium smegmatis mc¬≤155
Protein 1442,1.2199958708504658e-05,GHI,"[40, 58, 64, 24]","[348, 319, 310, 356]",MSAPTRVLDRGGEAHRIVTAEQGVTIHTDNGITIDQFTPRQYTSCTWGLRLRDAGTADIVIPPTADYDRLRDIEPWAHSVTIWDVDSGTTLWTGPIHKARASRKGMTISAKDHSAYLSRTRNPITKRWDAADPATVAGELWAAMVEAQGINTRPIVRVDPEGDRYDFQVIADEQMLDQTLSDMNSQGLRWTVVAGTPIIGPVSTKALALLGEHDFLGDGIEFVRDGSQTYNDVLVRAADSNTARARVDYHGKNLQTIVNLDSMFGVSNVNRAARQYVNHTGRPHTRLELTGGTELHPNAPVSMEDLMPSARFIIEARGVRQLFELTSVDVERRQGAVSVRVTMGTVEDDIELLDATNGKQQNMTLGGQRL,Mycobacterium smegmatis mc¬≤155
Protein 1488,7.149949414893134e-09,GHI,"[28, 56, 59, 15]","[360, 321, 315, 365]",MSGRPLRGTVGSGRHRPWAYTVMPGDVKVVGARTTMWGLKHFVLRYEERHDEVGILLGWFPVAASPVPRRALRRRERRAALRARHDSTLRC,Mycobacterium smegmatis mc¬≤155
Protein 1490,5.4870645652744036e-06,GHI,"[38, 40, 48, 10]","[350, 337, 326, 370]",MSTITMIFKTGEYQQRVPVEDDAPIYVTVAGQTWQRDVKSTDATLLDGMFDAQSDYGQISWTKLTRTTAWGSSYDNTHGTHNRVLVIDRDNATAEDVLEGMLWLSSVKAEGV,Mycobacterium smegmatis mc¬≤155
Protein 2352,0.000538289115065996,GHI,"[9, 32, 30, 18]","[379, 345, 344, 362]",MKGHEHGPVLLDEGLRLMVDINAEVPTLLGYPKLHQDDRKWIKHILEHHRKNPEALERVLAQYCMNLRLAVAQSPDKEDESHE,Mycobacterium smegmatis mc¬≤155
Protein 2379,6.832884460142004e-07,GHI,"[7, 31, 24, 5]","[381, 346, 350, 375]",MTCPNCDTELTDTTENTIIDGQEAKMRVLACPNGCFRSATPAQ,Mycobacterium smegmatis mc¬≤155
Protein 2423,0.0008232404967791478,GHI,"[13, 40, 35, 27]","[375, 337, 339, 353]",MIFARPVWADNRKSPLPDVIPLREAPFAGDGIRLQNGAELLVIRRTFLELPADPAQASTHVDLILIVREK,Mycobacterium smegmatis mc¬≤155
Protein 2426,0.0009204484442585397,GHI,"[13, 40, 35, 28]","[375, 337, 339, 352]",MFRSASVVEAEAAQRKLDKLREDWQRTANTWFDGSAESVERRIAQIDRVIAFASRTAQRSGDPAKFCLAALPTLKANREELVELRRQLVGGSWYTGPEDHGFPVNPHDYPSMREWMDASNMRSYIQDAHEKHPQEGWDRAKGDYAVDESWMDPHGPMLNHAALDFIAEQDTTDPGELRIRAQRLVAARTSTWSREASARAVQAFVKAVEDNSPRPVRTASAPVRQLPDFEDHLMFS,Mycobacterium smegmatis mc¬≤155
Protein 2470,0.0009204484442585397,GHI,"[13, 40, 35, 28]","[375, 337, 339, 352]",MTSLEDRVTPGQPGAGGAGMIETVKRAVVLALRDAISGTSFNGLVNNSKVVIDMEYPLKREAYPGIWVQFSFSKILRSGIGHELLLKTEEPGGRTNWEPVLELQFEGRVSLTIVALTSLERDRIADTVVSTLIFARAPERVITDPNRDTKQYRQLVDRLAKNPYVTMTINHDEVIPGGQATQTGAPWDEELATYEDTYSFDILGQTNITFRHDGTYTLRAVTDAGEMEPPPSPFDWQ,Mycobacterium smegmatis mc¬≤155
Protein 2533,0.0009204484442585397,GHI,"[13, 40, 35, 28]","[375, 337, 339, 352]",MEIDFFVPGLAAPQGSKNSYTIRNKAGKVVGVNTVEQNSKTLRPWRADVKVFAQKAMQERGQQICDDAIYLHCDFVMKRPSGTPKTRRTPPAVKKPDLDKLIRAIGDALKGTVYTEDSRIVEIRATKRIAEIGETPGVFIHVGVTDDDRVA,Mycobacterium smegmatis mc¬≤155
Protein 2549,6.354341860095068e-05,GHI,"[6, 32, 31, 20]","[382, 345, 343, 360]",MVERLNAGGHHHVCLPTLSHEPNAGETEAEGSSVINCHLKMSAAITMSPSLSMFTTE,Mycobacterium smegmatis mc¬≤155
Protein 2553,0.0006411135478465835,GHI,"[12, 38, 35, 25]","[376, 339, 339, 355]",MKLNRQKMLDLIETIEADAERRAEEWVEAEKAFRVQERKDWVESNKATLRALRDLLSLKLKNGGVVVREELQALGLNSRWGDPEVPSFAPTTLKFTYKGKEYPPSKPVLRADSPLLDLKAALQTVTDEEVSTSALASMGFRNLEWFWRRVKEAQA,Mycobacterium smegmatis mc¬≤155
Protein 2554,0.00022252666279083677,GHI,"[11, 38, 35, 23]","[377, 339, 339, 357]",MALFRGVCLLTPEQMNMLALGAEPYADDVFAPTLQWELAMAHQVKVVPEWPPMVDLNDGWSVFNMDGRLYAFNEKTVEESMKRIASESGRLSLLPDEFVTWRHRPFLFGDCGSVGLLQQASSAHRWEGLI,Mycobacterium smegmatis mc¬≤155
Protein 2558,0.00022322601415995067,GHI,"[10, 37, 35, 25]","[378, 340, 339, 355]",MGLLVFLVITVASWVPVVTLPTNSGTWLLAGLVAGVLTLFLGAGLTSAQAISDGGTSAAYYLWWALAIGLDAVGGVLAVYCLVSLIARGAGIDIDVEITS,Mycobacterium smegmatis mc¬≤155
Protein 2559,0.0007423046653570234,GHI,"[12, 38, 35, 26]","[376, 339, 339, 354]",MKIIIGTYRADKAMIDRCLSSIIDHLSDTEPLEFWFVDDSADDDFRGWLETFGNVVGLGRDRQGYTKAMDRVCKLMRTFEDDYVMFWEEDFVAVRRVALDLIRAELQRRPQLAQIVLPRQPWFPNEIEAGSMMQALADRKNDTYSTRLVPDALVPIALHIHTMTFSCNPAVWAPMAYRWPWPQCGGSEDEKTRYLREDDKALFAFWGDEVLVHHDGERVGHGY,Mycobacterium smegmatis mc¬≤155
Protein 2563,0.0009204484442585397,GHI,"[13, 40, 35, 28]","[375, 337, 339, 352]",MQTRALRVNFERSVTAGKPDIMEVVVVPLTEPNAPNNNATLVGGPWPEEVLLTNEKNTVVFNLVPTDHPDLTQRVTYRIAWRKGYMGRQTSADFVMPDFDVDYDDLKDLGNIIGGETYVQWTDRGRAGGVAALNSSGQVVDADGNVVGSDTDGATKGELDAEIVNRQQADQSLRNFLLGFVQDQVAQIYTTTANRLMQEVGQLQNADTTEKAQRIAAVAQTNHTLTLLQQATNEQIAYLNDLLDTYNGQFASKADLVGGKIPSSQLPDVALGRAVPVESEAAMLSLTATQVQPGDFAVRPDGVWFLNALPPSNIDNWLQFTIAASVFSVNGQDGAVVLSAADVGARDADTPIPMSDITGLISSLSAKADSSALTSLGGRVTAIESDASYVKKGPGGLILRADLPTDVVFVNESNLITKKDGTVLNVGSGGELDIDDVGGLTEALDGKLDADDPSVTNARIPTAHAASHASAGDDPLAPEDIGAAPEVHTHDQDEIDGLTALLANRTSRIASLEGRVEDLELGGGSGGPGAGASGKTVWWHNTEPISPLDTATDEIILRSPFGFDGSVYYYDPAGVDPGEAVWPYLTPNGHLKFVARNESAPEDPAYATAQSVSDLSDLVATKADSGDLTALSLAVDGKASTSALSSLAATVATKADTSALNATNTAVSSKADQSALDTLSGIVGGKADASALSSLASTVADKADKSDVTALTSRVGAVETGKADLVSGTVPTAQIPSLAMSKITDLNPTLAGKADLSGGKLVSSQVPDIATSKVTGLDTALSQKADLIAGKIPTSQIPSVALTTTYTVANRGAMLALTTGQVQRGDIAVITATDDKGSYILNADDPSVFGNWVPLVAPDDTVQTVNGKTGTVVLSAADVGARSSAASIPMSDITGLVTALNGKVDTSTYTTGLAGKASPADVQNLLSESTVFKQRADLVATSAVASTSGQQSIDGVLTPVGSIVLLTAQSSSVANGLWQVASGSWSRVTDMAAGSYFLKGTAVVVTSGANNANSIWQQTNNSGVVGTNANNWSKILTAGAVPNFTASLGVSRVGNDFRAAVVSGGGVQVVSGGLQLDPNVAARKYAADVPAGSTVATITHGLNTLDVHASFRDKASGDAVLVGWRPTGVNTISVEFESAPASGQYRVTVVG,Mycobacterium smegmatis mc¬≤155
Protein 2566,0.00011471971606320799,GHI,"[11, 39, 34, 21]","[377, 338, 340, 359]",MAGLLYIGKTPSASADVETRKDVETVLTGGVSRGYVDTRVATLSAAKATKVYTDTQDSQYATPDYYTSRDALLVPNSAKGAANGVASLDATTKVPNAQVPILGLGMARGPIGPNDVNFAGTTGVTPLKIAQWNVGALPITCQLMAFAQCSVQSVGGRPVVEIRAGNSTQTTYASQTLIALGYGDSFYNDFQMIHVTPVAANGEGQDGNQDAWAATTNLLVNMWLYDDGGGQSSIATGLIYTASLFLMRTAL,Mycobacterium smegmatis mc¬≤155
Protein 2568,0.0009204484442585397,GHI,"[13, 40, 35, 28]","[375, 337, 339, 352]",MPAYTQDGIAIGIIAEGRRSRSGEGQLDHPVISEKGIVIALAVALVETNLKMYANRSDPESLNFPHDAVGSDANSVGVFQQRAPWWGTVADRMDVARSAAMFYNSLYRQRVGGADYNTDRVSPGTWGQMVQQSAFPDRYDKRMAEARQIYDRLKDRVVGGAPTPPPITAPDPNWRGDPVWLKEVLEAAGLVCHVYDGAYNRGHGDFGEIWGVVAHHTGSFGETPKGIAQHPSLGLASQLYLGRNGEYTLCGVGIAWHAGQGSYPGLPTNDANRLTIGIEAANDGGGSPPGKRDAWSDVQYNAYVRGVAAILRKLGRDSSRVIGHKEWAGTAQGKWDPGGIDMNTFRADVARVMGELGTSTDPVLELLAMPTNQEKLDFIYNEESKKFASRSIYRTPGEGLIDTRAGFVLNVDAMAHQELVDRLAIQYHDSDAIGRIARVAAGQGADPNDTWAKEHALMVLQKIPEEVLKAWQEKNR,Mycobacterium smegmatis mc¬≤155
Protein 2575,0.0004284038034103796,GHI,"[12, 40, 35, 27]","[376, 337, 339, 353]",MSDDSNVFAGAETVGQLFDAVWCAGLATAQANAEAEASWPEYARRARQIAVADAHKRYEEITKKPEEDTTINL,Mycobacterium smegmatis mc¬≤155
Protein 2743,0.0002739758164379377,GHI,"[11, 38, 35, 24]","[377, 339, 339, 356]",MATLKYVGKAVAEDPDLANRGYVAGVKNADLSTEAIDQTINNGLNSYASKVLVDDGDALLATPQYITDADDLRLRLAQRGVPNGIAPLDAMGRIPASFIDAPTTQRWTRGPWAPNSYFGSPIQVNNTEATLFTSVITDPGYPYRPVVFAQIDARSNLDTEWPVITVRAGDETTGEIVARGLGLADAYESSTIGDNFDRANSTTTIGTGWELTRMEGDASGGTIGIINNEAYWVRGATQPSAIMARRVDPDTATTATIWQRIVVNAGTDVGSNIISDRVPKTRIYMRMNPTRTQWVAWEITNGTSASSGGNAQVRLIYVDNGAETQIGTVTNTQVAVNIPWVAYAGDYASDDQRLFRLYRNGVLLKEVRDEAGVTAIGNTNKGWGFGMHAAQWVPQIEPFRITSIYASDGVPNSGHVQVSPINVGSLSVRTGPTTMYVRLARSGAAATVTAFPYRPRLWALAIPA,Mycobacterium smegmatis mc¬≤155
Protein 2744,0.0009204484442585397,GHI,"[13, 40, 35, 28]","[375, 337, 339, 352]",MSTLKYVGRAPDADFSVTHKKYVTTRYNTIRVDADYINSKVAEVGATLVTPAYVAAQDALRASKAAVDAADAGYLPVSQRAVANGVAPIDEDGYVPGEMLPTLQTERKVFFKNVDTVLLTGNRVVTTVNAKEFQVASMTIPDPGFPYIPLVFATIQGAAASAAANPLRHMGTNNYGQLTVLDGENTKYAWAICGSRKTYSMFTALPFADPEVNPTTRPAIYGSLDLGLWIGLWSGTTFTFNPTGLRFYAICYPAIT,Mycobacterium smegmatis mc¬≤155
Protein 5148,1.145143503194581e-06,GHI,"[20, 48, 51, 19]","[368, 329, 323, 361]",MTSPWGGPRHRSWASNTMLTFLLLVVCIIATVVTDYFGEPPNYLVGLLGTAAGAFFAAIGSDQQKKAADLAQTATEASTSAARAETTAKRAEHKIDEVLHERLDDDDASTKDGAGT,Mycobacterium smegmatis mc¬≤155
Protein 5215,0.00013266323222125466,GHI,"[48, 61, 69, 30]","[340, 316, 305, 350]",MAVGPTAYLVNKLLDHALRGVAYTPPSVIYFKAHTGDPGAAGANNASAQTARVAVTFLAASGGTVLLTGTPEITLNATETITHGSLWDAAGPTGGNCLWTAQATVSKGGVSGDIIRLSGFQVGFTGLAA,Mycobacterium smegmatis mc¬≤155
Protein 5466,0.0009204484442585397,GHI,"[13, 40, 35, 28]","[375, 337, 339, 352]",MASWRNPLRDIRPLTVTMFLILGMWATFQALDPTPPPVLDQILIAIFGAWIARETVDRKNERAKGDEPKDDTAAPASISNDGEKGKVGDKQTEEDETG,Mycobacterium smegmatis mc¬≤155
Protein 14917,1.2199958708504658e-05,GHI,"[40, 58, 64, 24]","[348, 319, 310, 356]",MTQPTAWQPPQNVGDVAVTVAQAKAKLKVFSYGAAFKTETSNVYTAEFGTALRTFQQRRNAEIHEGKKPGPVMNTDGVLDWATKKQLGILPEQTAPAPPPVPANRAAALVFRGTGGIIGQDYVSQVCQQVGPMVEEINPEFPASMGGLPPGAPNLPSARQAIDIGYRSGAAWIKANPSRKFVLGGYSLGEIVVAKLLTALFSPGGELAAFRDNYVCSFHIGPPARPLGGAFYGGTAAPGVGIASNRLATDIYAQLGPRACYLCDPEDMYGSIPVPVEGGTGDIMETVYDMVTTLALNDFLNTAAAMLPHILEIAQDAGIFGLLGLGGVGPATGGGGLLGGLLGGGLGGLLGGGMANPAALLANPLAAIPLLLPLFTSALPGLIAGVGGPGTGGALTGPAAAAQAAILGMKFLFAGTRPHIEYHIREVWPGQTYIGLAVQHVRDWVGRELPA,Mycobacterium smegmatis mc¬≤155
Protein 15909,7.028376484850647e-06,GHI,"[37, 56, 60, 21]","[351, 321, 314, 359]",MTMTELNGMTDDELRARLGLTPVDRPQTMEERIEAHVVRAMPEPEDCGVCDGKGCGDCYA,Mycobacterium smegmatis mc¬≤155
Protein 319,0.00038449217980327145,Population Density,"[24, 10, 24, 38]","[268, 283, 270, 251]",MWPDLADVGTVALVGSVAGALYPLTRVLLAHIDRRRARDNRHPEDEADLRGER,Mycobacterium smegmatis mc¬≤155
Protein 2352,3.4428545513482933e-05,Population Density,"[7, 12, 20, 33]","[285, 281, 274, 256]",MKGHEHGPVLLDEGLRLMVDINAEVPTLLGYPKLHQDDRKWIKHILEHHRKNPEALERVLAQYCMNLRLAVAQSPDKEDESHE,Mycobacterium smegmatis mc¬≤155
Protein 2356,9.221457416085152e-05,Population Density,"[9, 14, 21, 35]","[283, 279, 273, 254]",MTDTLLAPDLADLVDMKSQPACECKSSLADEDEWEECPHAATWCAVSRCCALTLLICDDHRLWYLDYVAKMSVHQSWVFICGRCRAAMQGNPFVSLERL,Mycobacterium smegmatis mc¬≤155
Protein 2357,0.000576739110394623,Population Density,"[11, 17, 24, 36]","[281, 276, 270, 253]",MTAAIVVTYLVGIVAMAAIVLATGILDEPVYADMSELRKLYALTCMALGWPLVIMAALALMLLYWLKR,Mycobacterium smegmatis mc¬≤155
Protein 2375,0.0007729992184319142,Population Density,"[11, 18, 25, 36]","[281, 275, 269, 253]",MNRHDPEQDEQQSSDATAFTIPRWETFSVGEEDSN,Mycobacterium smegmatis mc¬≤155
Protein 2381,0.0005663175317221734,Population Density,"[11, 17, 23, 36]","[281, 276, 271, 253]",MTATAPYSVIWFEGTPDAPVKKTRNGFATLDDAKAWAQTRINGTTLPNVDLGPYRKEWTNQHGMTFTLVAGKVYETGIFDGPNRFAFIGLDKKAI,Mycobacterium smegmatis mc¬≤155
Protein 2382,0.0007811072012029258,Population Density,"[12, 18, 26, 37]","[280, 275, 268, 252]",MLPHIGDFPPNWWPGADRMDEAASWTYNRIGYALTDVRKDLKRWDQTGEWLED,Mycobacterium smegmatis mc¬≤155
Protein 2406,0.00016793227331748359,Population Density,"[10, 17, 24, 37]","[282, 276, 270, 252]",MSQQPLRRYITADGVFWVPVHAGYNGPVAFFQVDDDTEIGQRHWSLNEVLESHGAIDLYDPIVETAKVLVAAAEHTGRELDQSVAEDIAAGLDVLGRKVVKVTEDTPD,Mycobacterium smegmatis mc¬≤155
Protein 2417,0.0007811072012029258,Population Density,"[12, 18, 26, 37]","[280, 275, 268, 252]",MSTITNLPEVPAQVLRSADLAQAVKVLRSRRAQKLDVVVPTNQLSLQSGNLLVQGLDSVQVPEHTVLREDGVETIPGFTYNPSGLYRPTSIVDQHIASLFEIPVRYIRKLRDQDVELLDINVNRHAERATGSNLVRLIWGQTPGDEVTTGIVRAVLSDRYAIIDHLDTVMSILAGLDELGISGDSLIRLDLSERKLYMEIDAPQIAVHGRELVQNYRSPFTGQTGAELPLINAGIKITNSEIGHGAFEVKPFARFQVCMNGATIDAIGQDKVGLRKVHVGKQLDSGVINWSQDTMRAANELVRSQVKDAVGQYLSVDFLQAAVDEWRALAGVEVKRPADTIKVVADELSWTEAEMDNILNKFTTGGQTHAFGVGQAVTAAVQDITDPDRAHELGEQHLKAATIAAREAAKA,Mycobacterium smegmatis mc¬≤155
Protein 2423,0.0007811072012029258,Population Density,"[12, 18, 26, 37]","[280, 275, 268, 252]",MIFARPVWADNRKSPLPDVIPLREAPFAGDGIRLQNGAELLVIRRTFLELPADPAQASTHVDLILIVREK,Mycobacterium smegmatis mc¬≤155
Protein 2429,0.0007811072012029258,Population Density,"[12, 18, 26, 37]","[280, 275, 268, 252]",MIELVADLLGGLWTWQTPVSFLAGIGATKIYDACLDAYRRRPEGEQIHVQKEE,Mycobacterium smegmatis mc¬≤155
Protein 2443,0.0007811072012029258,Population Density,"[12, 18, 26, 37]","[280, 275, 268, 252]",MTFRPPASNPGQKRTLVPRYANTQATPWAGFLDPDLDVDFDILPGTVMQRLYGDVFAPYTGEAGTVPFGLSALFHAPRLGVTEVSSAGTGLFTVWVGDSQAVFDVLAPAFDVEADWPAAGETGPARVMLTANSKGRLTPEGVTPENVIAELIDIPSTDKITIRLNRLDLAATGGGLAGGS,Mycobacterium smegmatis mc¬≤155
Protein 2444,0.0007811072012029258,Population Density,"[12, 18, 26, 37]","[280, 275, 268, 252]",MTLPVAVGSGLGRFAKASDDYVADIVEAKQRMGGRKLSAREKQAKLAHILSDKVGGIQRLGQSMIGPIQLQLRYQGILRNVLLEDTLTPGVPIQYDVLDDLGQAYMLHGNEGEIRITPFEGKRIEVQLFRIASFPQIKKEDLYYLRSNIVEYTQDMTKQAIMRQEDSRLVTLLEAAAVSYRVVDSSAQPGVGALPNEITIAGSHLMPDDLYTAVTYTDQRQLDSSRLLANPQEYRDLYRWDINTTGWAFKDSVVAGERIVQFGEFQIGKSIIIPRGTVYLTPEPEFLGVFPVMYSLDVEEDNKVERFNKGWVMDELVGMAVLNPRGIVILRKA,Mycobacterium smegmatis mc¬≤155
Protein 2448,0.0005914331261783974,Population Density,"[9, 16, 25, 33]","[283, 277, 269, 256]",MERYLFAGSELTRDELEKALAPELDELNAAQGTKIGFDEYLAAALNTGTITEIL,Mycobacterium smegmatis mc¬≤155
Protein 2451,0.0007811072012029258,Population Density,"[12, 18, 26, 37]","[280, 275, 268, 252]",MALDMEKLRAFASEVGYWPATDDDDELEARRQAHAADTGSLEHTHAKYGHLREHKRQVEAEAAARRDLKD,Mycobacterium smegmatis mc¬≤155
Protein 2453,0.0007811072012029258,Population Density,"[12, 18, 26, 37]","[280, 275, 268, 252]",MPNETDTVRGIQGHPELPGPPNTPPTTQVPPEYWRKNPEGDPDHGQYQTVERGRDDVVKVPVEPGWDNSVVIGGFE,Mycobacterium smegmatis mc¬≤155
Protein 2463,0.0007811072012029258,Population Density,"[12, 18, 26, 37]","[280, 275, 268, 252]",MANDLPLGPFSDSVYARPGMTHQVRQFDRNPGKGETILTAVANPSEMALQAEQDSLDRARETGVDEPRNPRPEVYAHRDYYKEQMESTSIDRSYDG,Mycobacterium smegmatis mc¬≤155
Protein 2465,0.0007811072012029258,Population Density,"[12, 18, 26, 37]","[280, 275, 268, 252]",MTTMEMPGRHALDHPRFVTNGGQDAVYQFGETEISAWADIEHTDQDKPVGGVLTAYTRDGHERVGELRYYFITAERDEIQFQDVTVEPQFRRRRVATALLRKLNLIHPEARINPGTRTVGGEAFFQHIMATEKEKVATNGILNVPLQVQIPPGFRPGDALRAGGWER,Mycobacterium smegmatis mc¬≤155
Protein 2470,0.0007811072012029258,Population Density,"[12, 18, 26, 37]","[280, 275, 268, 252]",MTSLEDRVTPGQPGAGGAGMIETVKRAVVLALRDAISGTSFNGLVNNSKVVIDMEYPLKREAYPGIWVQFSFSKILRSGIGHELLLKTEEPGGRTNWEPVLELQFEGRVSLTIVALTSLERDRIADTVVSTLIFARAPERVITDPNRDTKQYRQLVDRLAKNPYVTMTINHDEVIPGGQATQTGAPWDEELATYEDTYSFDILGQTNITFRHDGTYTLRAVTDAGEMEPPPSPFDWQ,Mycobacterium smegmatis mc¬≤155
Protein 2478,0.0007811072012029258,Population Density,"[12, 18, 26, 37]","[280, 275, 268, 252]",MADYASDCPISRPVDPGWTSDWDLGGMQWSYDYGMFYQPSPDELLPLRKPAQRVGE,Mycobacterium smegmatis mc¬≤155
Protein 2479,0.0007811072012029258,Population Density,"[12, 18, 26, 37]","[280, 275, 268, 252]",MSKLLVRGHGKFEFKLNVSQFRSPLTASIAPAQTRSMMQYFPIRAGQPDINFTVQFRSNDEKHEFSNFVRDHQLFAQEHGYDGRVTLWWPERDIVNWTGFITDFQVVEKWDVFAPTVTFGVALVDSMLSEFSKLSSFGAHWKSIWGPQIPAYQGPDSMAPENQLRPPTPPSSSTPGNPDPTGPNPPRTYNGGGGTF,Mycobacterium smegmatis mc¬≤155
Protein 2483,0.0007811072012029258,Population Density,"[12, 18, 26, 37]","[280, 275, 268, 252]",MSFSLALENGDLVQRGSQLAVVQGRAKLEQDINLWLLERYGGDRFHLNMGSILQEFIGGIASPSARAEIHAEVFRVLQNYQALQLRRFRENPQNLSASELLVSVDEITTQMTYDTVRVTVKMRNGVNQSSTISVLQST,Mycobacterium smegmatis mc¬≤155
Protein 2484,0.0007811072012029258,Population Density,"[12, 18, 26, 37]","[280, 275, 268, 252]",MKTPDQVAKEILAKLAITAPGFSLELGTPERKIVDAVAEAISEAYIDQYLVGSLLDIESKAGLELEQFVGIFGFGRLQGRKANGIVRVELSTANPQDVSIPLGSQFYTRSSLPGSDSPLYFTSTQAIVIPAGAYQADIPVECVNVGTTGNVPPDSIVFVGEVVSASSVTNLQAFTGGIDAETDAELRQRFKDTFMRNIAGTEDWYLGLAYQNKNVSKAACFGPIRKYATQVAVPNTTVNLPVTADVKYAWPAGETVFKNLGQSDEVFYRPYDDYTFTSGSSPQLTRVSDGQMVVGDIVDVEFEYTTKSSRNDPLNGITNKVDLFVNGADPYTTTERTVITSQTLSATTSDELYTGNFARVGSTGTPSATNRFMRLGSVPVLQFPSTITVGTTQYQQGTHYHLLRGTTLLAGSVREVAGLEWTPSGPANGTPLTLSYVYNRVPEVLNAVVKAGKQITTDVLVHQASYQYLRVYLSVEFDRGYVVSQVTNAINDRLRQYFSSLPFGAWIEISDLTLATHQVLGVDNVYLTTSVEDATNYGIKVYGNSADPTPSVVQTADFKLTDNQLPVFLEAVILRKANR,Mycobacterium smegmatis mc¬≤155
Protein 2487,0.0007811072012029258,Population Density,"[12, 18, 26, 37]","[280, 275, 268, 252]",MNTIKRLFVPSPVVATYTALGIALGAFGIGVVALAISLLLLYGSGVN,Mycobacterium smegmatis mc¬≤155
Protein 2508,0.0007811072012029258,Population Density,"[12, 18, 26, 37]","[280, 275, 268, 252]",MDAPMQTRGRKAFSDVTINVAADMLAKTTSRSDLTTEETAMILGTVKVLRALATQVGRREASYGKKNT,Mycobacterium smegmatis mc¬≤155
Protein 2509,0.0007811072012029258,Population Density,"[12, 18, 26, 37]","[280, 275, 268, 252]",MAHINDLQTARAAAESVANDYDRAELFAKIAYASALTDIAAAVEDISREFKSRRRNSR,Mycobacterium smegmatis mc¬≤155
Protein 2513,0.0007811072012029258,Population Density,"[12, 18, 26, 37]","[280, 275, 268, 252]",MAPPVDHEVEASGQEQGEPLRSDAEGHPVFAEFDEVAEAKLSDEELEVRRQEIAALDRASDAELMAMAGVEPVVSTTEAAEYFDRTSQWIYWGLKPDEKTGEHIFTWPDGSPIVPERVGDPETGHRRFTMPILRAILQSCYRRGNIDPDELRTIMRRIRYTELGVEWRAREGWKYVYLGRNRHKWVRPEEAFFDKRTKTWRLRKHTAAPKKDEDE,Mycobacterium smegmatis mc¬≤155
Protein 2521,0.0007811072012029258,Population Density,"[12, 18, 26, 37]","[280, 275, 268, 252]",MEIQLLSRMTELDQIKRVFDNGVRPEVFEDPMNQVVFIFMMDYWLNSQMQAAPTFQVVETEYPLVTLDREVDVETQWCCDWLRKRFVRNKVQFIAREAAKAMDRDPYEALGLMWREAYEATEIVRPATTFSDMATNKEERRQRYTRDRENALAMGMGFGLEELDEHTRGIRPGELAAIAAYTKVGKSWMLAKAYCEALRRGARPVMFTLEMDRKEMEDRIDCMYSGVSFNKFMRRELSFDEMAQLTNAQDLLERTAVAPLVRPQRGDRTVKTMFTQARQLGADFVLIDQLSWVDAEKSYTGDSALRMKHGELAYDIKEETSRSSVGELPTFLAIQLNRAVMNNDGRGALNNFANSSMIEQTVDIALGLWQNQDMRNSNMMGLDIMGSRRGDRKSWLLNWHLTERTEIRVLEEYTEAPS,Mycobacterium smegmatis mc¬≤155
Protein 2524,0.0007811072012029258,Population Density,"[12, 18, 26, 37]","[280, 275, 268, 252]",MGNNRPTTRTLPTGEKATHHPDGRLVLKPKNSLADALSGQLDAQQEASQALTEALVQTAVTKREAQADGNPVPEDKRVF,Mycobacterium smegmatis mc¬≤155
Protein 2529,0.0007811072012029258,Population Density,"[12, 18, 26, 37]","[280, 275, 268, 252]",MTNNPQLAKLLSDVQNKYGENAVMMAKDMVTYPPVRSGTLALDFAIGVGGLPSDRVIEIGGTEGTGKTTLSLLAMQQFLLAQPERFALVLDLEHKMTKDWAVQLVGEELWDDRVIYAQPDHVEQATNMYSDLVGSGQICFALFDSIGGAAVRAGIEKEAEKVQVGGNANAITKFARLASNFSAKYRCLTVGTNQERVDMEGFRRYMTPGGNGWKHACILRIRLKASTQDKVETVVNGEKMVVGRKIHAQIVKNQLAAPGRSAWWWMYHVPTEEYGFGIDTLDEIVRLAILTGVIKQRVSYYDHPALENGTVKGMTSLSKAIGDDEALRNTIVSETLAVLKTDSSLLAEVAPLDDTVPQDMED,Mycobacterium smegmatis mc¬≤155
Protein 2530,0.0007811072012029258,Population Density,"[12, 18, 26, 37]","[280, 275, 268, 252]",MKLRTWDYWEAEVNSDLNLSPTVGSGSKAHDPGDGTDRRHHHETDYAIQADAKFTERSGFSLNGKLLGQWIDRALAQGKRFVLPVRIWSPTANAPLDLAVVPYQDYLALVEAFRTLEEHEREGRIL,Mycobacterium smegmatis mc¬≤155
Protein 2531,0.0007811072012029258,Population Density,"[12, 18, 26, 37]","[280, 275, 268, 252]",MRVYVTTSHTAVLEVFVNERDAKVFKANYEDQHRGETCHIQPRELRTDWRG,Mycobacterium smegmatis mc¬≤155
Protein 2533,0.0007811072012029258,Population Density,"[12, 18, 26, 37]","[280, 275, 268, 252]",MEIDFFVPGLAAPQGSKNSYTIRNKAGKVVGVNTVEQNSKTLRPWRADVKVFAQKAMQERGQQICDDAIYLHCDFVMKRPSGTPKTRRTPPAVKKPDLDKLIRAIGDALKGTVYTEDSRIVEIRATKRIAEIGETPGVFIHVGVTDDDRVA,Mycobacterium smegmatis mc¬≤155
Protein 2535,0.0007811072012029258,Population Density,"[12, 18, 26, 37]","[280, 275, 268, 252]",MGRALPSWDPDKDGPYQTSKRRMQVMKRVYQNMEDWRAQQEDNGMEPFITVDGGEVVYYYDLMVGINTLPPRQREAFELICLKGYPESVAAQMMMPHSRHSTIVQQYSDEGLKKMIAAYDAKQAGTWDPEVARKKRRSPTRKKEDVTTVDTPEVPENAVEQSAKAPQSGPRNWDWTTWSEDHESLARYITEHGVEITPAQVKAVSFLRNPWYQDPAQVEERKRRKEQRKREREQFANETPEQRKARHLAARKLKSRQLAAQRLKEIEDEIRQLREQAGLDPETGEPLAQ,Mycobacterium smegmatis mc¬≤155
Protein 2536,0.0007811072012029258,Population Density,"[12, 18, 26, 37]","[280, 275, 268, 252]",MSVLDDAGFTARLEQQSLLGGLYTGVKSDLEELADALLRESRRGVTALSEKKDYLTNEQLALRQQREVLNENGFPDPAIRQGLYRRSYNMNAGSRPCRKSTEEW,Mycobacterium smegmatis mc¬≤155
Protein 2537,0.0007811072012029258,Population Density,"[12, 18, 26, 37]","[280, 275, 268, 252]",MTAPPNARRVRGVTAQQVEADVRQEVAVIRDQVEPQLNNHRCRICQHPDSKSRVNTLLGYGLRDSEILECIADINEKRSKNNRITRDSLRNHKQRHFNVQASAQAAYRRILERRKAQAVEEHADASGTLLTAMGFLEVVAHKGFENAVDENTVIPYTDGLQAQIKLESMVKEGQAEAQIANMRREVSLLQRAVRDVLPEEYVKAILDRIDELTGEVHNRADEDDGTPMIVDAEVVSEAVSDDDDDFFDQESDEVAAPIFTADDGDSIEG,Mycobacterium smegmatis mc¬≤155
Protein 2542,0.000576739110394623,Population Density,"[11, 17, 24, 36]","[281, 276, 270, 253]",MTDTFVSEIKDLYPTEKNALNSIRHQLMQSLAWKPTSILFTEDMMKRQFEAQARERCAEIGLVVEVQWTWKDVDKTTGEVVDMSPDVADDPNDLNLYWKPRLIVVGRTDKIGEIDHDRFRHEVVTGEADGKAGYVDPNTGLMRDDSRKKDIL,Mycobacterium smegmatis mc¬≤155
Protein 2543,0.0007811072012029258,Population Density,"[12, 18, 26, 37]","[280, 275, 268, 252]",MTTPGKPTAHAYSAGSAPVTATSPLDFGDKCFLCSNTINIDTPPVEQRDFYISKNGGMFLCHKTCLNEMESAGGTPRDFHEARARKGNPVAPTPPPAEAPKPPVVEQRAGWLHFEKLSDLTAYTAQHGDIPTSTKVTVGTSLVQPGE,Mycobacterium smegmatis mc¬≤155
Protein 2544,0.0004289814558528712,Population Density,"[11, 18, 26, 37]","[281, 275, 268, 252]",MRPKLLVAASIKDAVEMKAQHSCLRSCHVLTPYTKRSEAHSDFLYGEYTWTPAAKALPARTRWKMRQQLRLCLDEQSCEQDFPAIILAW,Mycobacterium smegmatis mc¬≤155
Protein 2552,0.0006306629849973555,Population Density,"[12, 17, 19, 36]","[280, 276, 275, 253]",MTTTVHPVLPAPWEWRRTGDQFVAVRQMDNFLYAHIVPESTSGRFVVLRVYVDGPTFTTLVGSYANIEDALMRADEISL,Mycobacterium smegmatis mc¬≤155
Protein 2553,0.000576739110394623,Population Density,"[11, 17, 24, 36]","[281, 276, 270, 253]",MKLNRQKMLDLIETIEADAERRAEEWVEAEKAFRVQERKDWVESNKATLRALRDLLSLKLKNGGVVVREELQALGLNSRWGDPEVPSFAPTTLKFTYKGKEYPPSKPVLRADSPLLDLKAALQTVTDEEVSTSALASMGFRNLEWFWRRVKEAQA,Mycobacterium smegmatis mc¬≤155
Protein 2554,0.0003048302917921041,Population Density,"[10, 17, 23, 36]","[282, 276, 271, 253]",MALFRGVCLLTPEQMNMLALGAEPYADDVFAPTLQWELAMAHQVKVVPEWPPMVDLNDGWSVFNMDGRLYAFNEKTVEESMKRIASESGRLSLLPDEFVTWRHRPFLFGDCGSVGLLQQASSAHRWEGLI,Mycobacterium smegmatis mc¬≤155
Protein 2555,0.00031766021142822404,Population Density,"[11, 17, 24, 37]","[281, 276, 270, 252]",MGNVDPALADRITAIIGKHSLLDPEAAATLAHHVAHDLGLTSEVHQVQGMDYLGGVTIKRWVTGWFKG,Mycobacterium smegmatis mc¬≤155
Protein 2557,0.0007854858545990178,Population Density,"[12, 18, 24, 37]","[280, 275, 270, 252]",MTERIGIGVTTHNRVGMLHQCVYNIECHTPDDRVLVVVDDASDPAPYHPFKAPGQTYRFEQNVGVARAKNKCIELLMASEVDHVFLFDDDTWPVEKDWWRQYTESGYEHLSWNWLPRWDDYRDLWPLADDHGITSWNTSNGCLLYYTRKALETAGGMRVQFGRWGFEHLEHSYRIHRFGLTPEPFLSLADQRGIYATDEHREDEAGSLSTLTGAERREWYARNRDFYRYWVEQEPRFVPWGS,Mycobacterium smegmatis mc¬≤155
Protein 2559,0.000576739110394623,Population Density,"[11, 17, 24, 36]","[281, 276, 270, 253]",MKIIIGTYRADKAMIDRCLSSIIDHLSDTEPLEFWFVDDSADDDFRGWLETFGNVVGLGRDRQGYTKAMDRVCKLMRTFEDDYVMFWEEDFVAVRRVALDLIRAELQRRPQLAQIVLPRQPWFPNEIEAGSMMQALADRKNDTYSTRLVPDALVPIALHIHTMTFSCNPAVWAPMAYRWPWPQCGGSEDEKTRYLREDDKALFAFWGDEVLVHHDGERVGHGY,Mycobacterium smegmatis mc¬≤155
Protein 2562,0.0007811072012029258,Population Density,"[12, 18, 26, 37]","[280, 275, 268, 252]",MINIAVVACQGRQKRAENLAQAVRAEFVAIDNGSLGPGNNHDVAWRWLDESGGTWSVVLEDDAIPVSNFRDQLDAVLKVAPSPIVSLYLGRSRPPHWQPSIMQVISSREHFLLGSTLLHHVAVAIRTELIFDMLAQRDRELPVDESIGTWARLREIPVAYTNPSIVNHEHRLPTTIVERTSGYPGETGKRDGAKEPRKAWVFGSRQCWEASARQIPNPVH,Mycobacterium smegmatis mc¬≤155
Protein 2563,0.0007811072012029258,Population Density,"[12, 18, 26, 37]","[280, 275, 268, 252]",MQTRALRVNFERSVTAGKPDIMEVVVVPLTEPNAPNNNATLVGGPWPEEVLLTNEKNTVVFNLVPTDHPDLTQRVTYRIAWRKGYMGRQTSADFVMPDFDVDYDDLKDLGNIIGGETYVQWTDRGRAGGVAALNSSGQVVDADGNVVGSDTDGATKGELDAEIVNRQQADQSLRNFLLGFVQDQVAQIYTTTANRLMQEVGQLQNADTTEKAQRIAAVAQTNHTLTLLQQATNEQIAYLNDLLDTYNGQFASKADLVGGKIPSSQLPDVALGRAVPVESEAAMLSLTATQVQPGDFAVRPDGVWFLNALPPSNIDNWLQFTIAASVFSVNGQDGAVVLSAADVGARDADTPIPMSDITGLISSLSAKADSSALTSLGGRVTAIESDASYVKKGPGGLILRADLPTDVVFVNESNLITKKDGTVLNVGSGGELDIDDVGGLTEALDGKLDADDPSVTNARIPTAHAASHASAGDDPLAPEDIGAAPEVHTHDQDEIDGLTALLANRTSRIASLEGRVEDLELGGGSGGPGAGASGKTVWWHNTEPISPLDTATDEIILRSPFGFDGSVYYYDPAGVDPGEAVWPYLTPNGHLKFVARNESAPEDPAYATAQSVSDLSDLVATKADSGDLTALSLAVDGKASTSALSSLAATVATKADTSALNATNTAVSSKADQSALDTLSGIVGGKADASALSSLASTVADKADKSDVTALTSRVGAVETGKADLVSGTVPTAQIPSLAMSKITDLNPTLAGKADLSGGKLVSSQVPDIATSKVTGLDTALSQKADLIAGKIPTSQIPSVALTTTYTVANRGAMLALTTGQVQRGDIAVITATDDKGSYILNADDPSVFGNWVPLVAPDDTVQTVNGKTGTVVLSAADVGARSSAASIPMSDITGLVTALNGKVDTSTYTTGLAGKASPADVQNLLSESTVFKQRADLVATSAVASTSGQQSIDGVLTPVGSIVLLTAQSSSVANGLWQVASGSWSRVTDMAAGSYFLKGTAVVVTSGANNANSIWQQTNNSGVVGTNANNWSKILTAGAVPNFTASLGVSRVGNDFRAAVVSGGGVQVVSGGLQLDPNVAARKYAADVPAGSTVATITHGLNTLDVHASFRDKASGDAVLVGWRPTGVNTISVEFESAPASGQYRVTVVG,Mycobacterium smegmatis mc¬≤155
Protein 2569,0.0007811072012029258,Population Density,"[12, 18, 26, 37]","[280, 275, 268, 252]",MKYSPAEIAKAVAAFVAALGGMAAVLLADANFTNVVPANIIAILGSLVAAGVVAGVVFKVPNAITPEQAVKGAVKGGTNVINDIIDEAQKAGVPLPAPVNTGIDIAQQRISDALEHLPDLTSRTAVQDIVNSVLKR,Mycobacterium smegmatis mc¬≤155
Protein 2572,0.0007811072012029258,Population Density,"[12, 18, 26, 37]","[280, 275, 268, 252]",MNHHQNEPPRSPGWSLTLAIAFGAAVIVIVLHAILTNTPFGG,Mycobacterium smegmatis mc¬≤155
Protein 2583,0.0006498138310076313,Population Density,"[9, 17, 18, 33]","[283, 276, 276, 256]",MSDTNRLLQDALDAARDADSDLTECLPLPDDLDEFLDEWDVPAEDREMFKGLAVEFESVVMALDDLIRRLREKIEARK,Mycobacterium smegmatis mc¬≤155
Protein 2694,0.0004921318701499312,Population Density,"[9, 17, 21, 34]","[283, 276, 273, 255]",MGQYYRPTVVDQHNNILFTAYSHEFDSGLKLLEHSWIGNDFVQAFETLLVADGPVRVVWAGDYADPETDAEGNPLKVTGTDGNEYDANLYTLAALAEDKHYRPDVPAWNRRSVYNWTYANGRRREKPKITYAPYDEDLKPNAFPEVLPTMTSHPYLLNHDKGLAVDKRRVPKDANGWRIHPLPLLAVEGNGRGGGDFHVDPDYFRTGGNRGNFDLIGSWSRDRISLSKTLPKGFERTDFDLVEG,Mycobacterium smegmatis mc¬≤155
Protein 2701,0.00030761293238355927,Population Density,"[11, 17, 26, 37]","[281, 276, 268, 252]",MPVTFSRSNGNWGANNPGHTITVEPGESIVVWQSCQNPNANPHTCTIAGVSVPLIGQDLNGSLSNTYCFALLNPPVGTDLAVAFPVIGSYDAACTIVLKGVGSFGTPVQHTTGKSITASTEAGWYLTSGWCNRGSFTATNGVQRFRRDTAGFVNLALYVADLTSTTSPTSTIEITAADTTITGLALPVLPKAEQNFFPLIAA,Mycobacterium smegmatis mc¬≤155
Protein 2743,0.00038041788216733167,Population Density,"[10, 16, 25, 35]","[282, 277, 269, 254]",MATLKYVGKAVAEDPDLANRGYVAGVKNADLSTEAIDQTINNGLNSYASKVLVDDGDALLATPQYITDADDLRLRLAQRGVPNGIAPLDAMGRIPASFIDAPTTQRWTRGPWAPNSYFGSPIQVNNTEATLFTSVITDPGYPYRPVVFAQIDARSNLDTEWPVITVRAGDETTGEIVARGLGLADAYESSTIGDNFDRANSTTTIGTGWELTRMEGDASGGTIGIINNEAYWVRGATQPSAIMARRVDPDTATTATIWQRIVVNAGTDVGSNIISDRVPKTRIYMRMNPTRTQWVAWEITNGTSASSGGNAQVRLIYVDNGAETQIGTVTNTQVAVNIPWVAYAGDYASDDQRLFRLYRNGVLLKEVRDEAGVTAIGNTNKGWGFGMHAAQWVPQIEPFRITSIYASDGVPNSGHVQVSPINVGSLSVRTGPTTMYVRLARSGAAATVTAFPYRPRLWALAIPA,Mycobacterium smegmatis mc¬≤155
Protein 250,7.716272639991238e-07,Dew Point,"[38, 47, 65, 17]","[342, 333, 318, 359]",MAADAMREVTLARGGTVRRIRKSDPTDDYAVAKREAELAAAATTA,Mycobacterium smegmatis mc¬≤155
Protein 254,2.743903477444527e-07,Dew Point,"[42, 52, 72, 20]","[338, 328, 311, 356]",MTGNDLSPRARLQALIPAKARETWYRVASAAVMFLLAFGILDANEAALWAQFAVGLVTLVFALIYAYTPARVALYAFVGVVGSVLLYYGITTEETWALITAAVAQAFGIATAAAKTTPVVVARGQTSLN,Mycobacterium smegmatis mc¬≤155
Protein 257,2.743903477444527e-07,Dew Point,"[42, 52, 72, 20]","[338, 328, 311, 356]",MPGIQPVKGRRLRATKINSCGMPIAGPRNRLVTSGYVSLTLTPVMRDATDLTQDNAEGKECFADRTAPERRWWTPALELCNVNTGLLTMFTGWETLVDANDLPVGFRDQKEIESDFGVALELWSAGKMEEDCDEIPTSDDVLTDTSSGRSYGYFLFGGTEWTPGDITISGAVTTFTLTGRTIAMPAWGLGPYNVQEAANGTARRLLTPTSKKEHLTVFRTRIAPPEPTPGTEPVPLATSTLFTDPNFYYGGPDDEPAAVVAPAQSA,Mycobacterium smegmatis mc¬≤155
Protein 258,2.743903477444527e-07,Dew Point,"[42, 52, 72, 20]","[338, 328, 311, 356]",MTISRYAEADLAAAARRGVPGDQIRVARALLEVRAADTVAAAVAGAAKIDLSPYQIRSLYPAGGLTYDYVRARLDG,Mycobacterium smegmatis mc¬≤155
Protein 262,2.8744098834451866e-07,Dew Point,"[42, 51, 72, 20]","[338, 329, 311, 356]",MACRTDPALVIVGHATEALLDWFKDGACPPLVGSTTNVRFFAGDSTPLAAWDSHASQGCNEPFVWVRLMRRYRTQRFPDPTIGTDCSLPRVAPVEIGVGWCALTEQEPRWSDYQREAEVSSDTAWRLEEALCQASTRLKRDDEQRLVGTDALVPYGPEGGVIAWTAVLYSTY,Mycobacterium smegmatis mc¬≤155
Protein 264,2.958272579299429e-07,Dew Point,"[42, 50, 72, 20]","[338, 330, 311, 356]",MATIRARARIEIDEAALERESGEHLRAFHRSLTRRIANQSRVAVPVRTGNLGRTIGELPQVYTPFRVRGGVEATADYAAPVHEGSRPHAIRARNAQYLHFWWHGREMFRKSVWHPGTRARPFMRNSAQRVVTNDPRVRMT,Mycobacterium smegmatis mc¬≤155
Protein 268,2.743903477444527e-07,Dew Point,"[42, 52, 72, 20]","[338, 328, 311, 356]",MAFRGYFALNGVEIANSSRVAAHIGAEVPTRDIGLMTADVDCSLTPIDDDRLLAELPATSVPIGAGRLLATPPDGSRLYGPGLAVVGDCWTPNTLCFGCRTAIEYDDSWTGLPAFLNDHVYRPELAPWFTTRVPESAEFAGVWVMDVKGLDVTTSQREVVEMAGDGGAAGIHRDGAQRIQFDVLLVACTNAGATYGLDWLTTQLRRTNDRTDSVLRYLAAHPEDSAVDPTTLVRDRHGVVLTAGPEITGQVNASGRQHNQATFYRVTFELTALIPHAYRPATVLPVEWDTVEVEPIQWVHSSECKPPADCSPMPVLFAQGCEVERVEAVSSPPPVCGGCMPVCAVATHAVQIPLTERPQTGTATMVSLAIRNTDARPLTLNGYFRRCNARDDCDDELFPVQIHGLPATAEVVLDGVTGRFWVYYAGRKWRPVHIVGTPSGAPWVPAKLDRTLCWEFVVVSDGTALFEVDLALTDRDE,Mycobacterium smegmatis mc¬≤155
Protein 273,1.3522748048727936e-06,Dew Point,"[48, 56, 77, 25]","[332, 324, 306, 351]",MAVGPTAYLVNKLLDHALRGVAYTPPSVIYFKGHIGDPGAAGANNASAQTARVAVTFLAASGGTVLLTGTPEITLNATETITHGSLWDTAGPTGGNCLWTAQATVSKGGVSGDIIRLSGFQVGFTGLAA,Mycobacterium smegmatis mc¬≤155
Protein 276,4.573883778558496e-07,Dew Point,"[42, 52, 71, 20]","[338, 328, 312, 356]",MSLKLCTGEYMLSTVAGLGPSRGWFPRVLTEQMLESTKDGEIKLSPDPVTMIDGDLTWFNNSDDRVRVFVLVHTAPRDIIAQNPSTVVIHDAWSHRVGRAPSADFPSAIRNSFGGRLQLDRASVARDAVKFGRFFLTGDDQQAWVDLGIVRPQQSFHFRYRAAVQTPGTWVTPSELEPRWEAYARWTRLVALGGPVGES,Mycobacterium smegmatis mc¬≤155
Protein 278,4.573883778558496e-07,Dew Point,"[42, 52, 71, 20]","[338, 328, 312, 356]",MYEPPPGYDDCESDADDFPTPANAAYRELDVEGVGVLHARKPLPNAIPALAGAANSKVKPAARLDYLTVFIQNHLAPGEYETLLAKMMDPETELPEDTVLRVSRAIATAGSARPTRRSSTSR,Mycobacterium smegmatis mc¬≤155
Protein 279,7.521213786117303e-07,Dew Point,"[42, 52, 70, 20]","[338, 328, 313, 356]",MAAHNWRALRLKALGQGITNIMACPSMHVVLDLIEQLGAEASVSEAKSQTEARSELTRYYDKLYKPDITAKVINGESYFPPPPGFSDEEVEASFDAFLSNPMR,Mycobacterium smegmatis mc¬≤155
Protein 280,4.573883778558496e-07,Dew Point,"[42, 52, 71, 20]","[338, 328, 312, 356]",MAVTAVLFETSGTRGNRLDPDVRDEIEALAPGLETGEVTTDKIANDAVTREKIDAGAVGSVELDDDAVKAQHIDDGAVGTPALAAGAVTSEKTGIGVVTAEDASGNPVEVKQVYMTVAQYNALATKDPNTDYYLS,Mycobacterium smegmatis mc¬≤155
Protein 281,2.743903477444527e-07,Dew Point,"[42, 52, 72, 20]","[338, 328, 311, 356]",MATIRRGAAAPYKAIYHGTTPIKQVRRGETLLWSQGKIRDDFTDILDRWLNELLSGDLGALCSDVTGVLRDGLGNIVGHTVAFVEDNINGLGKLVAQTGQDLATAYCGVWGGTAAPNGLIGLINGIPIFGGILADWLKGELDIVSIIGSIPIIGDIGRLIGLIPDALGNLADPINYVVDAFGEVIGTITCGQFRPHGGDNEGICYTIGVLGDIAKMLIPDGLLTLNRHTSRLRHETLLDGDDGYLEVQVADLGAPDYPTQVFRRYANNGSGATGVGMQFMNSQVSLVRRVGGNNTLVLPQVASYSPGDVLRLEQFGDIHSITRNGETVGVWEDNSATAAKGVNNRSVAMIMQGAKELNTSRKVSPGLAYLEAA,Mycobacterium smegmatis mc¬≤155
Protein 282,3.5638456562814805e-07,Dew Point,"[38, 51, 70, 20]","[342, 329, 313, 356]",MHRASSVELYGGPLDGERRVVPDTQHELTVWTPICPLPGEKPGLYRSQPHKYVRQRDEPWLFSYVLDQAASR,Mycobacterium smegmatis mc¬≤155
Protein 283,3.979478448818352e-07,Dew Point,"[42, 51, 70, 19]","[338, 329, 313, 357]",MTVQRTPHGGHHDKVTTAGAVGLFMLFISYLPDNPHPMSTALVGAVCIGIAVRLRYLGQLDRTAYRPPQPPAQHYPVGARRERITHERRTRERIWFD,Mycobacterium smegmatis mc¬≤155
Protein 284,2.743903477444527e-07,Dew Point,"[42, 52, 72, 20]","[338, 328, 311, 356]",MTDQTHEAPPVPRYLSRDEVAKRLGMKSVRSLSGIELPPPDVEVGKHKGWLPETIDAWHATRPGRGWWGGR,Mycobacterium smegmatis mc¬≤155
Protein 290,2.743903477444527e-07,Dew Point,"[42, 52, 72, 20]","[338, 328, 311, 356]",MAGSPFSGKGGAATAAAPAPSKGKVDPADLPDVTNVGEDKPVGSDPYAAADPTGVSGYKPAFFLGQLVLMHPTEYGTMATVHDKDGKESEFVRFDIIPLTVPEPGTPNAQTAVRLDNGNFGFLNRDGEVEECEPYEVGERLDDIMVFNKALAREGKKALDRGIAWVLGRIVKGVKKPNQSAPFILVAGSEDDKALYQQWRQSLAKA,Mycobacterium smegmatis mc¬≤155
Protein 297,1.2525530405039511e-06,Dew Point,"[26, 44, 57, 16]","[354, 336, 326, 360]",MKTLIIAAAAALGVALAPAGIADAAPKMCDNHGFGKGQIYKHACASGNGGSAVWVPVYNEDGTPKKVMTEDGLKTVKRCDVRCGGGRHHVETTDPW,Mycobacterium smegmatis mc¬≤155
Protein 302,3.6243364359125145e-05,Dew Point,"[40, 45, 59, 18]","[340, 335, 324, 358]",MAREICQDLADDVFDGDEQWCDITGEHHVCVMTDGHIARRTHECECGITW,Mycobacterium smegmatis mc¬≤155
Protein 317,2.2631396121824674e-07,Dew Point,"[41, 52, 72, 20]","[339, 328, 311, 356]",MAHLNDFVARNARAAAIENRRRLEAELAADGIHTLDDLNDEIDAYFA,Mycobacterium smegmatis mc¬≤155
Protein 318,2.2367308973311906e-07,Dew Point,"[36, 34, 66, 18]","[344, 346, 317, 358]",MKLCAACQAASDKWLDYRITPSIKIASGAARDDTVEGVRDARAARFQEWRDTINRQQALIRKQCVSAGHVTIVDVELPGLDNTDIGG,Mycobacterium smegmatis mc¬≤155
Protein 319,3.693105760327311e-08,Dew Point,"[27, 26, 58, 13]","[353, 354, 325, 363]",MWPDLADVGTVALVGSVAGALYPLTRVLLAHIDRRRARDNRHPEDEADLRGER,Mycobacterium smegmatis mc¬≤155
Protein 324,0.00024131196418245444,Dew Point,"[35, 40, 54, 18]","[345, 340, 329, 358]",MSCFAVGHRVIVRPENGYDDPVSAEFGPMAGHYGKVVEIDPAPHDSATLITVEIVGRVDGPVSPAICVDRVDPQWVFYPHELDHID,Mycobacterium smegmatis mc¬≤155
Protein 325,5.0262838189567397e-05,Dew Point,"[35, 46, 58, 19]","[345, 334, 325, 357]",MTAPEKARKDRLRPVPRAGLKQIRNGEARYCPSCQTLRRQTDMRITKGGVPICIGCRDNSPRVIG,Mycobacterium smegmatis mc¬≤155
Protein 332,3.938540597837294e-08,Dew Point,"[29, 43, 65, 16]","[351, 337, 318, 360]",MGTKAVVQSRVINVNQTITSPTGVAKASKARETLATAREILYASGNMRAADAITPALHDLTRQIADYYRRRAEADKRAAQR,Mycobacterium smegmatis mc¬≤155
Protein 334,2.2536225099184477e-06,Dew Point,"[28, 41, 59, 17]","[352, 339, 324, 359]",MSAPHTEVEVRAQLALVSSLLAMPYYGWTDISTVRSDLRARKRELKRRLAEVERNNQREKESTAMEDPNGSDEAPKAVMADASNPADLLAAAAEAEKAAAAFRKQAAEIARAAEEARRPKMPTVHTGVSVVVTFRRYTSGREYNYAAIGWRTGTSVRWAVTGTETRRFNWAGLLDFIGEANWHTLAEVTQTRTVLASGVEPPVAEVMGRYGKVLRTERPASPFVGDSRYGDEFDITAPGYPGF,Mycobacterium smegmatis mc¬≤155
Protein 335,2.743903477444527e-07,Dew Point,"[42, 52, 72, 20]","[338, 328, 311, 356]",MSLSYDPSTAYVVLGLALLACFALHFSPRGSLREAVFATLTLSLTITGIIGAAFGAVTL,Mycobacterium smegmatis mc¬≤155
Protein 336,4.347388789186681e-05,Dew Point,"[29, 39, 53, 16]","[351, 341, 330, 360]",MFDPADIVEPLTCYDCNGYITDHEDGCKTGLGITSDHENVLHDPEVELYAVVSAMVDFEIERNGAYWAARRAAREARA,Mycobacterium smegmatis mc¬≤155
Protein 339,3.836060671669221e-06,Dew Point,"[22, 36, 49, 12]","[358, 344, 334, 364]",MTDQLTIIEANGKTYWARPAGSGTTDSVIYGAWRDGKQFGQCYAATPRSHGKTARAVYAAYAASR,Mycobacterium smegmatis mc¬≤155
Protein 1424,1.4493715587973575e-07,Dew Point,"[39, 52, 72, 20]","[341, 328, 311, 356]",MADQGFYFEVDGQRFDQRVEAMAHCDLYGYHYSAIQWVDPNAPWA,Mycobacterium smegmatis mc¬≤155
Protein 1440,0.0001975521041221012,Dew Point,"[23, 39, 43, 14]","[357, 341, 340, 362]",MTTITRTPEEIARNYEMHMGFLKDRVEELNELLGLTDATHKATVGYIGNARMGRDGWDYSDCRWYVFLPHPGRVGTDDDVIGGWRKGSLEGVMAARRDLKTLITGVKLAKQIG,Mycobacterium smegmatis mc¬≤155
Protein 1449,4.573883778558496e-07,Dew Point,"[42, 52, 71, 20]","[338, 328, 312, 356]",MTSPDCIDPDHFRVTADGGIEPQPWMQWRHVRSIGAAGRSGTYAVTGGGNKNVLIHGLQVSYTNDTPVPQAVYGKITRGGCRVALQARSRAYLQVASGYQKHASDPGKLEVSSRMGCGADIGRGGTLGIGTQFCVIEQRQGMVTIPLAPERAGWLTLGPGESITARVEVKFVSEFWENTNIDGGASGSTSGYDSGATQLDLFAVPVL,Mycobacterium smegmatis mc¬≤155
Protein 1456,1.3436353946762674e-07,Dew Point,"[42, 52, 72, 19]","[338, 328, 311, 357]",MVSVARQFPAWRQPDGSVWFRPADGDGWTADPEQAHADYRVVIAPDGSVLTWDGDPDAPQTGPTAPQTHETQQPRQETATMTAIDENGDFYPRHTEWMRYPLPPEPPRPPSKYNGRHQYMLPHPETGRLTSYPRATTVAKTLEDTTGLAKWNRRNVVGAVLNLVHREITGKANEPMGPGGDYTAAALLAELRDVYANHTKVGEIDRVIETIDNVTGGAEAREFGECVHAWLEALDLGMVLLRDLPDMVRPHALAYRRVLAHRGLVALPEYVERTVLNDLGEEATAGKIDRIFQIVSTGELVLGDVKTTKVDSMQYSWLAFAVQIGGVYSWAPHVLNATGDGWERMPKLIGIPHPDDETDDERDPFAILVHVPSDHPEKASAITIDAVWGAEALIESSTTRRMRSRAKTEVPRHAVPAPTKQSVRYAEARLALTAIESAEDGERVYTEYQDVWDDTLTDFATTVAKLL,Mycobacterium smegmatis mc¬≤155
Protein 1488,1.6353449386034738e-08,Dew Point,"[29, 47, 66, 16]","[351, 333, 317, 360]",MSGRPLRGTVGSGRHRPWAYTVMPGDVKVVGARTTMWGLKHFVLRYEERHDEVGILLGWFPVAASPVPRRALRRRERRAALRARHDSTLRC,Mycobacterium smegmatis mc¬≤155
Protein 1490,1.5095458319320513e-05,Dew Point,"[29, 41, 52, 14]","[351, 339, 331, 362]",MSTITMIFKTGEYQQRVPVEDDAPIYVTVAGQTWQRDVKSTDATLLDGMFDAQSDYGQISWTKLTRTTAWGSSYDNTHGTHNRVLVIDRDNATAEDVLEGMLWLSSVKAEGV,Mycobacterium smegmatis mc¬≤155
Protein 2419,0.0001614883589273266,Dew Point,"[5, 11, 26, 9]","[375, 369, 357, 367]",MKTTLALAVLGTAVTLALAPVAQAAPAWVEDESANICNSLNLASSYDRSWVTTQISLLQLSHDIGRAEAVAGIRAAAIEYCPEYLSVVPAK,Mycobacterium smegmatis mc¬≤155
Protein 2561,0.00029072113179573955,Dew Point,"[10, 21, 33, 11]","[370, 359, 350, 365]",MIDWWWSWLLTAVGCSGIYLTTKRLWYGFLVGLAAQVLWTIYAVVTHQYGFLFSVLAYGSVHALGLWRWTRSPAEGSELHPERYFDDKPFWRDPDEETLP,Mycobacterium smegmatis mc¬≤155
Protein 5148,6.495193408641866e-07,Dew Point,"[32, 30, 60, 16]","[348, 350, 323, 360]",MTSPWGGPRHRSWASNTMLTFLLLVVCIIATVVTDYFGEPPNYLVGLLGTAAGAFFAAIGSDQQKKAADLAQTATEASTSAARAETTAKRAEHKIDEVLHERLDDDDASTKDGAGT,Mycobacterium smegmatis mc¬≤155
Protein 5151,2.8744098834451866e-07,Dew Point,"[42, 51, 72, 20]","[338, 329, 311, 356]",MTFEWPINRAGLPALPELTDPPSAEYLKALAERNAAESVAVAIMWALSGRQFGTYETIARPCPTRPRGNPFAYRSDDLVWTGEGWLTCGCVGTGCRIVGPNVVHLPGPVHEVTRVEIGGVDLSPAVWVAEGNKLYRREAPWPAQDLNRPLGDVNTWGVHYTRGVPVPPGISELTGILVKEILGALEDVGRCRLPRTVTTASRNGVTYRAYDPAVIYRNGKTGLPEIDLWLATVNPNALMAAPTVI,Mycobacterium smegmatis mc¬≤155
Protein 5190,2.945689383378276e-07,Dew Point,"[42, 52, 69, 18]","[338, 328, 314, 358]",MSATNLVPDLVAVMSAGRHARALLIAKQPTPNYEGRHRAPEVEPPVRVGSVWAKAIGGGPW,Mycobacterium smegmatis mc¬≤155
Protein 5191,2.8476191051713702e-08,Dew Point,"[33, 45, 65, 14]","[347, 335, 318, 362]",MSQIVTAAQLETGDLFRIRTLTGRTTYQVDSARKVHYQDHYIEIAATKVTTHGATTMSLAPSTPVERLEPTPQRDIVAMLPYLNPGETVSVTYWDGRFWT,Mycobacterium smegmatis mc¬≤155
Protein 5202,4.852060136238329e-07,Dew Point,"[38, 45, 66, 17]","[342, 335, 317, 359]",MTIDNPATLALALVILTLAVARVTRLVNSDKISDPIRVAIASRVRHHTLIAAEAEAHNQSQRAAEAHRREARWAGVYEFVQCPWCIGMWVSFGGAAVLVWVIKYSWTIDWWALLPVALAVSHLVGVLARFADTEEIEIEDAAEDELDD,Mycobacterium smegmatis mc¬≤155
Protein 5215,1.4752463806986774e-06,Dew Point,"[49, 57, 77, 25]","[331, 323, 306, 351]",MAVGPTAYLVNKLLDHALRGVAYTPPSVIYFKAHTGDPGAAGANNASAQTARVAVTFLAASGGTVLLTGTPEITLNATETITHGSLWDAAGPTGGNCLWTAQATVSKGGVSGDIIRLSGFQVGFTGLAA,Mycobacterium smegmatis mc¬≤155
Protein 5235,1.0759400619572526e-06,Dew Point,"[35, 37, 63, 17]","[345, 343, 320, 359]",MAAPHNSPFRDRFGRYCGPLKIKTAAVLDPAPYDDLDHCIGCHRHAVDGHEHGCPYRGAWD,Mycobacterium smegmatis mc¬≤155
Protein 8100,2.0214915702397617e-06,Dew Point,"[36, 43, 60, 15]","[344, 337, 323, 361]",MSTVVIEGSILPCGFLARGERVEVQRTAHIDRLIEQGFVNVISETGDPEPAPLPEPVKAPARSASRDTWAEFLAEHTDIVTEDKGRDELVAEYDEWQSVHDVPATDDSE,Mycobacterium smegmatis mc¬≤155
Protein 8589,2.2631396121824674e-07,Dew Point,"[41, 52, 72, 20]","[339, 328, 311, 356]",MMSFDATVRAAAADLKVGDTLTHEGRTYTVAEFDRRRRERPASWGGPYICTTIVWAEGYLTRLEDVVTV,Mycobacterium smegmatis mc¬≤155
Protein 14310,2.743903477444527e-07,Dew Point,"[42, 52, 72, 20]","[338, 328, 311, 356]",MGVYIGNTPISKIMAGASPNAGKVYIGSTQVWPEVEFPLVYEDVNLTDALVPAGATALVIEQLVGGGASGLAGQNQSGAGTYTNRGGTGGGGGAVIGQHIIPISELGPTFSLQIGAGGEQSTSDTTRNNGGPTIFSSGSIVLTAGGGSANGGVASQSGQWYVPMANGTAGGVNNTMGGAAGGAEGVSYSHSGNPQNDNEKWDALSADPAGTAMQVLPGGLKPGNGGSQSGTGQRPGGGGGGGKGRSSSSRGVGGRGGDGYARIYFINTSYKRDITRVYTTAGAWTWTPPPWAVAGTKIDIVMFPGGRAGKNGATFGGAGRGGLAGTPVTATLTVGTDIPVSGALTGVVGAGGASNGAAGGVSTCTTVGLTAPVNNADASGQDGGNAPNVTLNGITYPGGRGGSSGTSSSAGEDGQDPGGGGEGGGSLIAGLAGGAGGKGRVYVRVYEV,Mycobacterium smegmatis mc¬≤155
Protein 14912,2.743903477444527e-07,Dew Point,"[42, 52, 72, 20]","[338, 328, 311, 356]",MTAPTPTPDSQWAVQWEAFAPEDSSVMPERPILPEAPRSGTDEDTPENWAAYQEAYGIYVEAMASYESLLAVLLADDANWRTITNGFPDEALARQMVGVIRSANAGNPQTRDFRLVWSAPIVWHIADE,Mycobacterium smegmatis mc¬≤155
Protein 14917,2.743903477444527e-07,Dew Point,"[42, 52, 72, 20]","[338, 328, 311, 356]",MTQPTAWQPPQNVGDVAVTVAQAKAKLKVFSYGAAFKTETSNVYTAEFGTALRTFQQRRNAEIHEGKKPGPVMNTDGVLDWATKKQLGILPEQTAPAPPPVPANRAAALVFRGTGGIIGQDYVSQVCQQVGPMVEEINPEFPASMGGLPPGAPNLPSARQAIDIGYRSGAAWIKANPSRKFVLGGYSLGEIVVAKLLTALFSPGGELAAFRDNYVCSFHIGPPARPLGGAFYGGTAAPGVGIASNRLATDIYAQLGPRACYLCDPEDMYGSIPVPVEGGTGDIMETVYDMVTTLALNDFLNTAAAMLPHILEIAQDAGIFGLLGLGGVGPATGGGGLLGGLLGGGLGGLLGGGMANPAALLANPLAAIPLLLPLFTSALPGLIAGVGGPGTGGALTGPAAAAQAAILGMKFLFAGTRPHIEYHIREVWPGQTYIGLAVQHVRDWVGRELPA,Mycobacterium smegmatis mc¬≤155
Protein 15885,2.743903477444527e-07,Dew Point,"[42, 52, 72, 20]","[338, 328, 311, 356]",MTVELPGRAPTTDGELARQFHERIRRLENPRSVRVGPWVIATDPITGDLKASRPGQTLMLGGDQPVEVVEQSLSLTKFVTKDDLDAALDGIEAGGGDNDSVWAQLYEKLTGILSPTNALNALANFFRLELGAPITSSRLPLLPLSHIRPISPNLLTDGSFDYEETLSGFPDWDWDDTVGRNKPGSAYTVADGTTHTIHSNSIEVGPDDRLNVEVYARWAGLVASGAAIKLDISCYRDDGSPVFSGPITLDSLTVSGTASGWTKLSVTNWDVPDEARHVVVELTVTSGATAGVVHFDDAGCFKIGTMPQSYISGLVEGLNALWQGIQARIDDFLDLLDVFGGFNVGDHIGQLTDVVTRLQHLNPLNGLFDASKLGNIANIPMIAQERISGLVTALNEAGQGIRDAIVQALGGSGTGHSNTDVLNALMNIPASVVNTAIAGASNIENALQQAIDSVIAGAGDLIGSGFGFADMIAQLTGLRRATAGTAAAVVNLQSQVANLDPAANSEVVDFGEFANSASPPSMFTKVSDTGAGSIILTNGVLAWNSADAVGREFYLYNGGPLQTDLFEVQVVLPSVPSHGIFGLDSTNYVYLIGRSDATGNNMVVARLGWDEVRVYSRNSGTMTQIGPTISADDILTSGSSVSFKGGTIADPRYFSLSINGDKVYEYSDEAPITVIGASNRFCGLGLEKGNNYATGRISTWAMLDGGSSAGSGVVAGYTNAGLTNLILWKGTQAQYDALPTKSPNGIYVVEG,Mycobacterium smegmatis mc¬≤155
Protein 15897,1.73128394519564e-05,Dew Point,"[24, 43, 49, 15]","[356, 337, 334, 361]",MSDIYVVTDGSRVIGASTKMQGAELIRAEYASAARGFWKAHGRRPDEQADEAERETYARVKIQNTELTDDG,Mycobacterium smegmatis mc¬≤155
Protein 15909,1.4685547463546421e-08,Dew Point,"[37, 51, 70, 16]","[343, 329, 313, 360]",MTMTELNGMTDDELRARLGLTPVDRPQTMEERIEAHVVRAMPEPEDCGVCDGKGCGDCYA,Mycobacterium smegmatis mc¬≤155
Protein 4301,1.4062879873852915e-05,Albedo,"[7, 8, 28, 17]","[58, 56, 36, 48]",MATVPTGKLERELRKLYVSWVMGLSRHEGDMEAYIESFRVRSQRLIARLGGDVARLGVYLADFPAPRELELSPYAGKIYDEMQLAAIRASVASGLNAKDAARAMLRAGLERSYHKLVRLARTETVSAYWKNQWDSTRGLDLVLLWSVEFGPRTCAWCKARDGMVVEYSNIRDHPNGRCTLAPTLPSRVNYKGSLDPDGNIYYDPNWVRRHSQVRPGEALTQV,Microbacterium foliorum NRRL B-24224
Protein 4322,1.4062879873852915e-05,Albedo,"[7, 8, 28, 17]","[58, 56, 36, 48]",MLEAVKTIIDSLMPLFVAVVTVYGGVMVAKLNRVQKQTQATNAKVEQVQNDIITNHGSKNIGDAIDRLTTHVNVMSDNQDDLIRTVKGMQSRDEALEARVNAVDHILARLGHVPAPHRSVGLFRFIKRK,Microbacterium foliorum NRRL B-24224
Protein 4332,1.3828392121305863e-05,Albedo,"[7, 8, 28, 16]","[58, 56, 36, 49]",MEEAEIVRRMMARLNSIPGVYCLRTHGGSFQQKGTPDVLGSAFGHFFAIEAKRSEKEKPKKAQQYNLKKFREAGGKTFVSWDPQAQEVVEWIKSLSG,Microbacterium foliorum NRRL B-24224
Protein 4347,1.4062879873852915e-05,Albedo,"[7, 8, 28, 17]","[58, 56, 36, 48]",MNPLEANDPWEWLWAIISWGLWLLCLAGALIILFAILVGIWRSVRGILPQASGIRRKTIQDDSLAVSETLYGGPFTGSATAFRAGVDWTLRSLERKPK,Microbacterium foliorum NRRL B-24224
Protein 4353,2.7771312283490185e-06,Albedo,"[6, 7, 28, 16]","[59, 57, 36, 49]",MSNNTPLNEQAPTLEELRKYLMDDNGWTQEEFDQFTGYYFRGINADGTTSLSRDQWSFLAMGFE,Microbacterium foliorum NRRL B-24224
Protein 11511,2.3591389166407664e-08,Albedo,"[7, 8, 34, 19]","[58, 56, 30, 46]",MALVSGRSPVRLLDEDRPDTWTEIDLEVVSQWKSLKETKCPGCGRPLSQHLHNSRLGREETVEDYTAWSLDCPAMQAIAHGQEMWRNQNKGAIDSHMKGSGPDPGMGIYWLSQGQGERLPTPE,Microbacterium foliorum NRRL B-24224
