Protein,P value,Factor,Host,Has protein,No protein,Translation
Protein 241,9.166853630160946e-05,Zipcode,Mycobacterium smegmatis mc¬≤155,"[25, 46, 61, 27]","[318, 297, 297, 301]",MSYPDEPLSPIIEIPSPDAPDPDVWGEDGAYDERKAAVILEQAKSWSTEQKHAMLASLRAAKARASMKVKYAHPAELAAALDPNYVVTPAIELISTSIERVLTSPKQINLEISMPPQEGKSTLAAVATPLRALQHNPHRKIILATYALDLAETHSRTMREWIETYGTDVVDPLTGLPVEDKIGLKLARGANKVTAWSVAGGRGGLVAAGIGSRLTGMPADLMIIDDPFKNMMEADSALYRKRVDEWFSSVARTRLAPDASIIMIQTRWHPEDLAGKVIAAERSLPRNERTWRVINIPAIAEKGIPDALKREPGTPMVSARDTPEAKRNFPKIRREVGERTWYALYQGSPRNPEGGIFQQKWFDATRLPEAPLNPYTAVVGIDPADSGEGDEAGIIGGMAATIDKRLTAVLTHDRSGQYTSDQWAKVGVTLALEIGARVLAVEGYTTAKTYTRVVREAYNAIHREARKKQLAGVPLTPVEHRALPDLPPFTIKPWRGANKADAVARAGGMSQSFETGRARTIDYALATFEQQAVDWQAGQHQPDRVAAGIIVHDTIFDLMGGTMSIAAPPTGSNPSGGQGREIPPPPAWMRRSIGK
Protein 242,9.166853630160946e-05,Zipcode,Mycobacterium smegmatis mc¬≤155,"[25, 46, 61, 27]","[318, 297, 297, 301]",MIETTATSVTEFDGTFETVITWRFDGLWDVAVAHMGTWLCHAQIAASFEDARFLAGYICGQHMRAEGMVAA
Protein 245,5.69382177907832e-05,Zipcode,Mycobacterium smegmatis mc¬≤155,"[22, 34, 54, 19]","[321, 309, 304, 309]",MPVVLGIDTSLRATGMCLVSLPPSVELGSWHGQCVTVGAPAATPDKSKRAMARRVKALVDQIRWVFDDDRPDLVVMETLAFAAKGEGVWVLPWIFGKVIELCEEFDVELLCAGTSQVKKYATGKGNADKDTVMLTVAKRWPELAPANNNEADSACLAAIGCHYLGQPLGEPTVYQTEVLDKIGP
Protein 247,9.166853630160946e-05,Zipcode,Mycobacterium smegmatis mc¬≤155,"[25, 46, 61, 27]","[318, 297, 297, 301]",MAATSLRVVRRPKGSAPAARRRSLTAASQLITDPQKQMKTSLMGTARNEWQSEAWDFSESIGELSYYVSWRANSCSRTTLIPSAIDPDTGLPTGEVDIEEDPDAQTVADYVKGIADGPLGQAALIKRAVECMTVVGEVWIAVLIRQEKDPVTGLAAPRARWYAVTREEIKSKAGETAEISLPDGKTHEFNRDLDSLVRIWNPRPRKASQATSPVRACLETLREIERTTRKIKNAAKSRVMNNGVLFVPAEMSLPAAQAPIPAGQAQIPGAPVPEVSGVPASEQLATMIYQASVAAMEDENSQAAYIPLVASVAAEHLEKVQHIKFGNEVTEVEIKTRIDAITRLAMGLDVSPERLLGMSKGNHWSAWAIGDEDVQLHIKPVMDLICQAIYNDILTPLLAREGIDPTKYILWYDASGLTSDPDLSDEAVEAHDRGAITSAALRRLLNVGEDSGYDLTTLDGCREFAADVVTKNPELIAMYAPLLSSQLAGIEFPQPANAIESTREDEEDDEDSGARQQREPQTEDERSTEEAASLNDRAAYLVAERLLVNRALDLAGKRRFKVNDAALKTKLRDVPAHEYHRVLPPVRSSEIPRLIAGWDTALEDEVVASLGLDNEKLRNAVLATVRRQLTQPLIEGEVV
Protein 250,0.00034777212412462154,Zipcode,Mycobacterium smegmatis mc¬≤155,"[23, 40, 55, 24]","[320, 303, 303, 304]",MAADAMREVTLARGGTVRRIRKSDPTDDYAVAKREAELAAAATTA
Protein 254,9.166853630160946e-05,Zipcode,Mycobacterium smegmatis mc¬≤155,"[25, 46, 61, 27]","[318, 297, 297, 301]",MTGNDLSPRARLQALIPAKARETWYRVASAAVMFLLAFGILDANEAALWAQFAVGLVTLVFALIYAYTPARVALYAFVGVVGSVLLYYGITTEETWALITAAVAQAFGIATAAAKTTPVVVARGQTSLN
Protein 257,9.166853630160946e-05,Zipcode,Mycobacterium smegmatis mc¬≤155,"[25, 46, 61, 27]","[318, 297, 297, 301]",MPGIQPVKGRRLRATKINSCGMPIAGPRNRLVTSGYVSLTLTPVMRDATDLTQDNAEGKECFADRTAPERRWWTPALELCNVNTGLLTMFTGWETLVDANDLPVGFRDQKEIESDFGVALELWSAGKMEEDCDEIPTSDDVLTDTSSGRSYGYFLFGGTEWTPGDITISGAVTTFTLTGRTIAMPAWGLGPYNVQEAANGTARRLLTPTSKKEHLTVFRTRIAPPEPTPGTEPVPLATSTLFTDPNFYYGGPDDEPAAVVAPAQSA
Protein 258,9.166853630160946e-05,Zipcode,Mycobacterium smegmatis mc¬≤155,"[25, 46, 61, 27]","[318, 297, 297, 301]",MTISRYAEADLAAAARRGVPGDQIRVARALLEVRAADTVAAAVAGAAKIDLSPYQIRSLYPAGGLTYDYVRARLDG
Protein 262,0.00014314619990084162,Zipcode,Mycobacterium smegmatis mc¬≤155,"[25, 46, 60, 27]","[318, 297, 298, 301]",MACRTDPALVIVGHATEALLDWFKDGACPPLVGSTTNVRFFAGDSTPLAAWDSHASQGCNEPFVWVRLMRRYRTQRFPDPTIGTDCSLPRVAPVEIGVGWCALTEQEPRWSDYQREAEVSSDTAWRLEEALCQASTRLKRDDEQRLVGTDALVPYGPEGGVIAWTAVLYSTY
Protein 264,0.0001604967818125802,Zipcode,Mycobacterium smegmatis mc¬≤155,"[25, 45, 60, 27]","[318, 298, 298, 301]",MATIRARARIEIDEAALERESGEHLRAFHRSLTRRIANQSRVAVPVRTGNLGRTIGELPQVYTPFRVRGGVEATADYAAPVHEGSRPHAIRARNAQYLHFWWHGREMFRKSVWHPGTRARPFMRNSAQRVVTNDPRVRMT
Protein 268,9.166853630160946e-05,Zipcode,Mycobacterium smegmatis mc¬≤155,"[25, 46, 61, 27]","[318, 297, 297, 301]",MAFRGYFALNGVEIANSSRVAAHIGAEVPTRDIGLMTADVDCSLTPIDDDRLLAELPATSVPIGAGRLLATPPDGSRLYGPGLAVVGDCWTPNTLCFGCRTAIEYDDSWTGLPAFLNDHVYRPELAPWFTTRVPESAEFAGVWVMDVKGLDVTTSQREVVEMAGDGGAAGIHRDGAQRIQFDVLLVACTNAGATYGLDWLTTQLRRTNDRTDSVLRYLAAHPEDSAVDPTTLVRDRHGVVLTAGPEITGQVNASGRQHNQATFYRVTFELTALIPHAYRPATVLPVEWDTVEVEPIQWVHSSECKPPADCSPMPVLFAQGCEVERVEAVSSPPPVCGGCMPVCAVATHAVQIPLTERPQTGTATMVSLAIRNTDARPLTLNGYFRRCNARDDCDDELFPVQIHGLPATAEVVLDGVTGRFWVYYAGRKWRPVHIVGTPSGAPWVPAKLDRTLCWEFVVVSDGTALFEVDLALTDRDE
Protein 276,0.00010179708815607749,Zipcode,Mycobacterium smegmatis mc¬≤155,"[25, 45, 61, 27]","[318, 298, 297, 301]",MSLKLCTGEYMLSTVAGLGPSRGWFPRVLTEQMLESTKDGEIKLSPDPVTMIDGDLTWFNNSDDRVRVFVLVHTAPRDIIAQNPSTVVIHDAWSHRVGRAPSADFPSAIRNSFGGRLQLDRASVARDAVKFGRFFLTGDDQQAWVDLGIVRPQQSFHFRYRAAVQTPGTWVTPSELEPRWEAYARWTRLVALGGPVGES
Protein 281,9.166853630160946e-05,Zipcode,Mycobacterium smegmatis mc¬≤155,"[25, 46, 61, 27]","[318, 297, 297, 301]",MATIRRGAAAPYKAIYHGTTPIKQVRRGETLLWSQGKIRDDFTDILDRWLNELLSGDLGALCSDVTGVLRDGLGNIVGHTVAFVEDNINGLGKLVAQTGQDLATAYCGVWGGTAAPNGLIGLINGIPIFGGILADWLKGELDIVSIIGSIPIIGDIGRLIGLIPDALGNLADPINYVVDAFGEVIGTITCGQFRPHGGDNEGICYTIGVLGDIAKMLIPDGLLTLNRHTSRLRHETLLDGDDGYLEVQVADLGAPDYPTQVFRRYANNGSGATGVGMQFMNSQVSLVRRVGGNNTLVLPQVASYSPGDVLRLEQFGDIHSITRNGETVGVWEDNSATAAKGVNNRSVAMIMQGAKELNTSRKVSPGLAYLEAA
Protein 282,1.9915549909014004e-05,Zipcode,Mycobacterium smegmatis mc¬≤155,"[23, 45, 59, 23]","[320, 298, 299, 305]",MHRASSVELYGGPLDGERRVVPDTQHELTVWTPICPLPGEKPGLYRSQPHKYVRQRDEPWLFSYVLDQAASR
Protein 283,7.810289501837938e-05,Zipcode,Mycobacterium smegmatis mc¬≤155,"[24, 44, 60, 26]","[319, 299, 298, 302]",MTVQRTPHGGHHDKVTTAGAVGLFMLFISYLPDNPHPMSTALVGAVCIGIAVRLRYLGQLDRTAYRPPQPPAQHYPVGARRERITHERRTRERIWFD
Protein 284,9.166853630160946e-05,Zipcode,Mycobacterium smegmatis mc¬≤155,"[25, 46, 61, 27]","[318, 297, 297, 301]",MTDQTHEAPPVPRYLSRDEVAKRLGMKSVRSLSGIELPPPDVEVGKHKGWLPETIDAWHATRPGRGWWGGR
Protein 290,9.166853630160946e-05,Zipcode,Mycobacterium smegmatis mc¬≤155,"[25, 46, 61, 27]","[318, 297, 297, 301]",MAGSPFSGKGGAATAAAPAPSKGKVDPADLPDVTNVGEDKPVGSDPYAAADPTGVSGYKPAFFLGQLVLMHPTEYGTMATVHDKDGKESEFVRFDIIPLTVPEPGTPNAQTAVRLDNGNFGFLNRDGEVEECEPYEVGERLDDIMVFNKALAREGKKALDRGIAWVLGRIVKGVKKPNQSAPFILVAGSEDDKALYQQWRQSLAKA
Protein 294,7.69321148520158e-06,Zipcode,Mycobacterium smegmatis mc¬≤155,"[18, 35, 47, 12]","[325, 308, 311, 316]",MSDIYVVTDGSRVIGASTKLQGAELIRAEYASAARGFWKAHGRRPDEQADEAERETYARVKIQNTELTDDG
Protein 302,0.00018391560279890413,Zipcode,Mycobacterium smegmatis mc¬≤155,"[22, 36, 55, 23]","[321, 307, 303, 305]",MAREICQDLADDVFDGDEQWCDITGEHHVCVMTDGHIARRTHECECGITW
Protein 318,0.00012489490051867332,Zipcode,Mycobacterium smegmatis mc¬≤155,"[15, 40, 49, 26]","[328, 303, 309, 302]",MKLCAACQAASDKWLDYRITPSIKIASGAARDDTVEGVRDARAARFQEWRDTINRQQALIRKQCVSAGHVTIVDVELPGLDNTDIGG
Protein 319,3.1994801522472596e-08,Zipcode,Mycobacterium smegmatis mc¬≤155,"[11, 34, 48, 11]","[332, 309, 310, 317]",MWPDLADVGTVALVGSVAGALYPLTRVLLAHIDRRRARDNRHPEDEADLRGER
Protein 322,0.0004139604943181817,Zipcode,Mycobacterium smegmatis mc¬≤155,"[21, 42, 49, 21]","[322, 301, 309, 307]",MSSTNGRCNSAERGSSYARRARKLWLLSPEAAWGGDGETVPCWECGVLCEFEDLIADRIVPGEDGGRYTRDNIAPHCLLCSCRQGQRRTAAILAAKRRAA
Protein 323,0.00017363356060229117,Zipcode,Mycobacterium smegmatis mc¬≤155,"[25, 45, 59, 26]","[318, 298, 299, 302]",MKLSDAAAKLTALAEQYPDAEIDVWLGGDYGQCPVVDIESPVASLDIDNTDAVVVVRFA
Protein 325,7.678928831843292e-05,Zipcode,Mycobacterium smegmatis mc¬≤155,"[22, 38, 55, 21]","[321, 305, 303, 307]",MTAPEKARKDRLRPVPRAGLKQIRNGEARYCPSCQTLRRQTDMRITKGGVPICIGCRDNSPRVIG
Protein 332,4.8596296441791735e-05,Zipcode,Mycobacterium smegmatis mc¬≤155,"[22, 43, 50, 17]","[321, 300, 308, 311]",MGTKAVVQSRVINVNQTITSPTGVAKASKARETLATAREILYASGNMRAADAITPALHDLTRQIADYYRRRAEADKRAAQR
Protein 335,9.166853630160946e-05,Zipcode,Mycobacterium smegmatis mc¬≤155,"[25, 46, 61, 27]","[318, 297, 297, 301]",MSLSYDPSTAYVVLGLALLACFALHFSPRGSLREAVFATLTLSLTITGIIGAAFGAVTL
Protein 336,5.539077429388181e-05,Zipcode,Mycobacterium smegmatis mc¬≤155,"[19, 33, 47, 14]","[324, 310, 311, 314]",MFDPADIVEPLTCYDCNGYITDHEDGCKTGLGITSDHENVLHDPEVELYAVVSAMVDFEIERNGAYWAARRAAREARA
Protein 1424,2.6831058272121877e-05,Zipcode,Mycobacterium smegmatis mc¬≤155,"[25, 46, 61, 24]","[318, 297, 297, 304]",MADQGFYFEVDGQRFDQRVEAMAHCDLYGYHYSAIQWVDPNAPWA
Protein 1442,9.166853630160946e-05,Zipcode,Mycobacterium smegmatis mc¬≤155,"[25, 46, 61, 27]","[318, 297, 297, 301]",MSAPTRVLDRGGEAHRIVTAEQGVTIHTDNGITIDQFTPRQYTSCTWGLRLRDAGTADIVIPPTADYDRLRDIEPWAHSVTIWDVDSGTTLWTGPIHKARASRKGMTISAKDHSAYLSRTRNPITKRWDAADPATVAGELWAAMVEAQGINTRPIVRVDPEGDRYDFQVIADEQMLDQTLSDMNSQGLRWTVVAGTPIIGPVSTKALALLGEHDFLGDGIEFVRDGSQTYNDVLVRAADSNTARARVDYHGKNLQTIVNLDSMFGVSNVNRAARQYVNHTGRPHTRLELTGGTELHPNAPVSMEDLMPSARFIIEARGVRQLFELTSVDVERRQGAVSVRVTMGTVEDDIELLDATNGKQQNMTLGGQRL
Protein 1479,7.386038995554534e-05,Zipcode,Mycobacterium smegmatis mc¬≤155,"[23, 45, 58, 25]","[320, 298, 300, 303]",MSAATGGVGQFAKRGGRRGGGYRGFKSKKQWRWAWATKQPWARKKAHETKGGKVVRYRRLPESKHSGHRGRRGPSRKG
Protein 1488,4.0086263559283524e-05,Zipcode,Mycobacterium smegmatis mc¬≤155,"[22, 43, 53, 19]","[321, 300, 305, 309]",MSGRPLRGTVGSGRHRPWAYTVMPGDVKVVGARTTMWGLKHFVLRYEERHDEVGILLGWFPVAASPVPRRALRRRERRAALRARHDSTLRC
Protein 1490,2.701667894984582e-06,Zipcode,Mycobacterium smegmatis mc¬≤155,"[21, 35, 50, 11]","[322, 308, 308, 317]",MSTITMIFKTGEYQQRVPVEDDAPIYVTVAGQTWQRDVKSTDATLLDGMFDAQSDYGQISWTKLTRTTAWGSSYDNTHGTHNRVLVIDRDNATAEDVLEGMLWLSSVKAEGV
Protein 5148,6.0338546146307726e-06,Zipcode,Mycobacterium smegmatis mc¬≤155,"[14, 37, 50, 19]","[329, 306, 308, 309]",MTSPWGGPRHRSWASNTMLTFLLLVVCIIATVVTDYFGEPPNYLVGLLGTAAGAFFAAIGSDQQKKAADLAQTATEASTSAARAETTAKRAEHKIDEVLHERLDDDDASTKDGAGT
Protein 14310,9.166853630160946e-05,Zipcode,Mycobacterium smegmatis mc¬≤155,"[25, 46, 61, 27]","[318, 297, 297, 301]",MGVYIGNTPISKIMAGASPNAGKVYIGSTQVWPEVEFPLVYEDVNLTDALVPAGATALVIEQLVGGGASGLAGQNQSGAGTYTNRGGTGGGGGAVIGQHIIPISELGPTFSLQIGAGGEQSTSDTTRNNGGPTIFSSGSIVLTAGGGSANGGVASQSGQWYVPMANGTAGGVNNTMGGAAGGAEGVSYSHSGNPQNDNEKWDALSADPAGTAMQVLPGGLKPGNGGSQSGTGQRPGGGGGGGKGRSSSSRGVGGRGGDGYARIYFINTSYKRDITRVYTTAGAWTWTPPPWAVAGTKIDIVMFPGGRAGKNGATFGGAGRGGLAGTPVTATLTVGTDIPVSGALTGVVGAGGASNGAAGGVSTCTTVGLTAPVNNADASGQDGGNAPNVTLNGITYPGGRGGSSGTSSSAGEDGQDPGGGGEGGGSLIAGLAGGAGGKGRVYVRVYEV
Protein 14917,9.166853630160946e-05,Zipcode,Mycobacterium smegmatis mc¬≤155,"[25, 46, 61, 27]","[318, 297, 297, 301]",MTQPTAWQPPQNVGDVAVTVAQAKAKLKVFSYGAAFKTETSNVYTAEFGTALRTFQQRRNAEIHEGKKPGPVMNTDGVLDWATKKQLGILPEQTAPAPPPVPANRAAALVFRGTGGIIGQDYVSQVCQQVGPMVEEINPEFPASMGGLPPGAPNLPSARQAIDIGYRSGAAWIKANPSRKFVLGGYSLGEIVVAKLLTALFSPGGELAAFRDNYVCSFHIGPPARPLGGAFYGGTAAPGVGIASNRLATDIYAQLGPRACYLCDPEDMYGSIPVPVEGGTGDIMETVYDMVTTLALNDFLNTAAAMLPHILEIAQDAGIFGLLGLGGVGPATGGGGLLGGLLGGGLGGLLGGGMANPAALLANPLAAIPLLLPLFTSALPGLIAGVGGPGTGGALTGPAAAAQAAILGMKFLFAGTRPHIEYHIREVWPGQTYIGLAVQHVRDWVGRELPA
Protein 14929,2.0393368687575986e-06,Zipcode,Mycobacterium smegmatis mc¬≤155,"[5, 15, 32, 7]","[338, 328, 326, 321]",MARCPCGPPEQFWYIFLTMSAPSRHTRRQPARGRPAGEVPNVLWPIRGPITIRQRMKIACAEEGLTYAGLIEKFLDERDEKIRRQLAAQKSPLHRPKREI
Protein 435,0.00043917630694652825,Year Found,Mycobacterium smegmatis mc¬≤155,"[45, 35, 17, 14]","[328, 385, 349, 268]",MPLYYGRSGLNKVVSHLPGVVHEMRSEADEVADRAKANLAAARASTQWEKIHGPDHLTKITRTNGSVDAYVNMEAPSPESIEYGHYPSGVFDPEKYGRVTKAPQGLYILTGAAGFGGQTAISTGAKRGKRG
Protein 2416,5.0412218473599324e-05,Year Found,Mycobacterium smegmatis mc¬≤155,"[12, 24, 28, 35]","[361, 396, 338, 247]",MTKILATIASVAVLSACAVQAPAAPEVSTPQGRPFIEQLIEDLKNPPTTTVVQPTTIADMLLPPDYKG
Protein 2419,0.0006315971685291052,Year Found,Mycobacterium smegmatis mc¬≤155,"[5, 15, 12, 21]","[368, 405, 354, 261]",MKTTLALAVLGTAVTLALAPVAQAAPAWVEDESANICNSLNLASSYDRSWVTTQISLLQLSHDIGRAEAVAGIRAAAIEYCPEYLSVVPAK
Protein 2440,0.00023257200066182767,Year Found,Mycobacterium smegmatis mc¬≤155,"[5, 6, 11, 18]","[368, 414, 355, 264]",MRPGSQIPVLPRQAAVVTSRMVTRESDGCLISSRTPSKDRPHVEIPGGRQVVATRVVAAVAIGRPVEADEDVHHVCENRRCVEPTHLIVELHVDHLAHHAEDQRRELCSVHGEPYDRVDCRTGWNICRACVREAMRRHRERKRALVL
Protein 2503,0.000845944492397335,Year Found,Mycobacterium smegmatis mc¬≤155,"[17, 27, 31, 36]","[356, 393, 335, 246]",MANKRAQPGDPGQAGKLDPRGPNKFEPTTKARGPAKPGEPGGDHSLPGDNKK
Protein 2510,8.565986316896347e-05,Year Found,Mycobacterium smegmatis mc¬≤155,"[7, 17, 19, 27]","[366, 403, 347, 255]",MIETPRTNCPTCGTTVTVGASKKKDHAWE
Protein 2545,2.3078009548714373e-05,Year Found,Mycobacterium smegmatis mc¬≤155,"[6, 19, 26, 28]","[367, 401, 340, 254]",MVNSTPRINPEEILSPTFLPQTSVQEFFAHVGGHPLNGRLCDSKAGDMDSEASVLLNADPLRSRTPQHFASQLREQALQRRLDKARTPIARLRARLQQRIHDRLIGWILFD
Protein 2549,0.00028405414169159937,Year Found,Mycobacterium smegmatis mc¬≤155,"[12, 20, 26, 31]","[361, 400, 340, 251]",MVERLNAGGHHHVCLPTLSHEPNAGETEAEGSSVINCHLKMSAAITMSPSLSMFTTE
Protein 2577,0.0001750727222998478,Year Found,Mycobacterium smegmatis mc¬≤155,"[8, 5, 7, 18]","[365, 415, 359, 264]",MRLLAHSMRSRTALVQHEPDGPAFLYQFGPVDTYSSVEDPETWFVPKGWVTDFPDGNEFATIRQLRTHVINRHARRMDLAAEGSDTQ
Protein 319,2.3868800647078668e-05,Longitude,Mycobacterium smegmatis mc¬≤155,"[18, 49, 19, 38]","[362, 331, 361, 342]",MWPDLADVGTVALVGSVAGALYPLTRVLLAHIDRRRARDNRHPEDEADLRGER
Protein 1082,0.0003178681860866844,Longitude,Mycobacterium smegmatis mc¬≤155,"[6, 27, 17, 30]","[374, 353, 363, 350]",MDVYGKHRVISQNAQGNVLRVLVEDIETGERSYRVIPLP
Protein 1084,0.00022859956301144778,Longitude,Mycobacterium smegmatis mc¬≤155,"[5, 26, 15, 28]","[375, 354, 365, 352]",MGERGPIGKRSDQRVRRNKTDNPVTKLPARGPVKQPQIGIPDAHPVVTQLWDSLAHSAQAQFYEPSDWAYARMALHFANQLLWSEKPNGQILATVNSMLNGLLVSEGDRRRVQLEIERNQADAVVVDVAAMFAQQLGAQQRSG
Protein 1099,0.00035144072355408525,Longitude,Mycobacterium smegmatis mc¬≤155,"[6, 29, 17, 28]","[374, 351, 363, 352]",MAIATAQDVENRWVRELSEEETTLVNTRLNDAERMLKRRIKNLDAVDPEDVKQVEADMVLRLLRNPEGYTQETDGNYTYMLSQALASGKLEVLPEEWEALGIRRSGMFVLTPTFEMPT
Protein 1100,0.0008569867450826075,Longitude,Mycobacterium smegmatis mc¬≤155,"[5, 26, 15, 24]","[375, 354, 365, 356]",MSASDRQPPGPYPEGFTEAVRPEDVDVSKCDHEFGVCFCVHDWRIHWGNLDRSGL
Protein 1102,0.00022859956301144778,Longitude,Mycobacterium smegmatis mc¬≤155,"[5, 26, 15, 28]","[375, 354, 365, 352]",MAKLIPRRRLNHIVAHLAETKAAIRREAREVEGRARRNLAEARASTTHSKIVGPGHLTKIGSAADDPDVLVYMDAPNPMAIEYGHGPSGYFDPDKYGKVTKAPAGLYILNRAAGIAGSMVTPSMGRRGVK
Protein 1106,0.00016387979567858736,Longitude,Mycobacterium smegmatis mc¬≤155,"[5, 26, 14, 28]","[375, 354, 366, 352]",MSNVFTLDSLREEADKQFAPFKVRLSDGTEVVLRNLLRLNKNDRKTVLASIEALKTEDESEEGRTLDDIDRMVDTVSKILELAAGKDSRKLLKELDGDLGLLMGVLEGWLEATSPGEAQNSPA
Protein 1110,0.00022859956301144778,Longitude,Mycobacterium smegmatis mc¬≤155,"[5, 26, 15, 28]","[375, 354, 365, 352]",MIKPQEEVDWNKPEEHFAWALRNMPMLAGVGAVTHPGFLVQWSKHLWECGFAHRDYLERLADEDGNIHVSKLPKQRIRWQAPFRGPRSNYNNAARWVSKNTPAPQPVRLPDVSKMTQQEQEFMLGQFRELGLIQDYIPQPDVAQELND
Protein 1125,0.00013329045228669482,Longitude,Mycobacterium smegmatis mc¬≤155,"[5, 26, 16, 30]","[375, 354, 364, 350]",MKWMHGGEGDSPAIAPLRPPSTTVELYITLPDQSSIPEFGENHRLTVQKLALGVENMSQVERNWAIRTLIESVVEAAITELEEKGILRGGS
Protein 1129,0.00011160833599414439,Longitude,Mycobacterium smegmatis mc¬≤155,"[5, 26, 13, 28]","[375, 354, 367, 352]",MRKKELKRALREANLSIDALASSNTTLWEQREELARQNRELRAKLETKGPNRPNRPKLDKTEVAFIKDLVRAGVSRRDVARSFDVNPSTISRIVRGQYHR
Protein 1130,0.00011160833599414439,Longitude,Mycobacterium smegmatis mc¬≤155,"[5, 26, 13, 28]","[375, 354, 367, 352]",MKEVTVLLIDGTIIRTQGEVNVDPIENTLVITGDSGAYLSFYRPNLMYYAVSPLEGI
Protein 1132,0.00013454097270528757,Longitude,Mycobacterium smegmatis mc¬≤155,"[6, 30, 16, 29]","[374, 350, 364, 351]",MQDPFASAPATDEAQAAPEPQESAFDAPPPEAPKKAPAKKAAAKAAPKPAAAPGEGKVVLTFKGGSGFDAPWIVIHAEDLDDALDQVTNQGATLGALMERVQNAGQHFAGMAPAKASGGNSGGGGGGRSNAPRGAQEPPAGTPPAPGPDWVYKSGTGKNGKPWSAWMPPRGSDEKPVWL
Protein 1134,0.00013329045228669482,Longitude,Mycobacterium smegmatis mc¬≤155,"[5, 26, 16, 30]","[375, 354, 364, 350]",MTSHMVKVMEAAAKSALVTWGREGGLDDLVQDLWVWYLERPATQRKLEELSKPEAIATVRRAAIQILTEQVLAGNKFNGRNLYSSEAVKDVLKDRSNNRYLKDIMPTAMAALEKQHAVYAEALRSRYDDGVIPQDGPSQDALKNAHKAITEHVNIIVITAGDVSSAAVQAETRKSSGGRSDPTADAAIALIEKGDEELELTDQEGNVTGTTTYRTELANVFDDWITQSTGDSSEVRLDIFDGMFNGDDRMAMYRAQVFPELFPDEKPMLIDNWPAEDRELYCGGEYTPGYLRLVKGGK
Protein 1135,9.73606483475064e-05,Longitude,Mycobacterium smegmatis mc¬≤155,"[5, 26, 15, 30]","[375, 354, 365, 350]",MSKRIVIVSDTQIPYEDRRAVRAVLRFIGDYQPDQVIHIGDLMDFPQPSRWNKDTRGEFEGSVFTDAEKAKLRFLAPLRTIYVGPVGVHEGNHDERPRTYLSKYAPALAESKAFHLETLLDFDGFGIDLLPEFYKVAPGWVTTHGHRGQISLSRIAGNTALNAARKFDTSVIMGHTHRQGILSHTSGYGGISKKIVTGVEVGNLMDMRQADYLKGGTGNWQSGFGLLTIEGRHVKPEIIPITNGRFTVDGHTWEV
Protein 1136,0.00031786818608668405,Longitude,Mycobacterium smegmatis mc¬≤155,"[6, 30, 17, 27]","[374, 350, 363, 353]",MSESILEEAQRLIHGERNKNYGHPRENFSDIAALFSGYLERPISDIDVANLMILMKIARVKGTGYHRDSFTDIAGYAGCVERIYEEEPEVE
Protein 1140,0.00016387979567858736,Longitude,Mycobacterium smegmatis mc¬≤155,"[5, 26, 14, 28]","[375, 354, 366, 352]",MRYRVEAIIRSDEDEAKFAEKFDELINDTYKTGVEDTVVYAING
Protein 1141,0.00022859956301144778,Longitude,Mycobacterium smegmatis mc¬≤155,"[5, 26, 15, 28]","[375, 354, 365, 352]",MTTTRRKPTVRSQDRAHKRKPCIDCTAEGIVTKRKAPHPGPRCVTHHRAKRLQRRTLTQEQRWMDVYGITADEYWAIYEHQGGCCYICRRANGKRKRLSVDHDHATGIVRGLLCTACNRNVLGHLRDSVEAAQRIIDYLDDPPAVQAIGERVVPDP
Protein 1158,0.0002177028438093334,Longitude,Mycobacterium smegmatis mc¬≤155,"[5, 25, 14, 28]","[375, 355, 366, 352]",MSNIHREDWHLGVDDEFNVGEPRPKTPRWLTNAVNGPEYYKDRKFQRRRRTR
Protein 1166,0.0005857962904269959,Longitude,Mycobacterium smegmatis mc¬≤155,"[6, 25, 16, 29]","[374, 355, 364, 351]",MSDAAFKQWMRLVDAQLLKRMGVTTRDIADRCYRDMHDDGLRPFEVVSEIMSEGIDAL
